gene_id	num_var	beta_shape1	beta_shape2	true_df	pval_true_df	variant_id	tss_distance	ma_samples	ma_count	maf	ref_factor	pval_nominal	slope	slope_se	pval_perm	pval_beta	qval	pval_nominal_threshold	Status
ENSG00000230699.2	2304	1.07205	279.312	182.814	0.000160502	chr1:856473:G:A	-54962	38	39	0.0795918	1	3.59868e-05	0.651573	0.15445	0.0292971	0.0339254	0.0262194	0.00035305	AP
ENSG00000130764.9	4845	1.01816	968.842	198.608	4.26176e-05	chr1:3777191:G:T	-19313	176	244	0.497959	1	1.72118e-05	0.157157	0.0357519	0.0384962	0.0378721	0.028645	8.7221e-05	AP
ENSG00000116691.10	3466	1.04951	564.099	192.844	5.51491e-05	chr1:12017057:T:C	-2409	63	71	0.144898	-1	1.72262e-05	0.403649	0.0918312	0.0228977	0.0252337	0.0204987	0.00016416	AP
ENSG00000211454.13	4130	1.04958	464.823	189.529	5.57135e-05	chr1:19771178:T:G	496984	16	17	0.0346939	1	1.47052e-05	0.621046	0.140101	0.0184982	0.0208654	0.0174831	0.000199255	AP
ENSG00000189410.11	3206	1.05721	276.712	184.984	2.42426e-06	chr1:20707038:A:G	-25799	39	42	0.0857143	1	2.88769e-07	-0.330283	0.0623753	0.00039996	0.000430522	0.000565507	0.000341975	AP
ENSG00000183317.16	2992	1.06409	348.447	187.914	9.70635e-05	chr1:37690051:C:A	-75082	99	111	0.226531	1	2.56877e-05	-0.228371	0.0531059	0.0231977	0.0260076	0.0210145	0.000276862	AP
ENSG00000116981.3	3170	1.05293	276.386	184.792	8.13523e-05	chr1:39673881:C:T	1843	184	245	0.5	1	1.78256e-05	0.317859	0.0724472	0.0174983	0.0177666	0.0152595	0.00033827	AP
ENSG00000187815.9	3429	1.0394	353.806	188.492	1.59349e-10	chr1:40476891:T:C	-324	42	43	0.0877551	1	5.36333e-12	0.649228	0.088978	9.999e-05	2.87136e-08	7.89469e-08	0.000254229	AP
ENSG00000006555.10	4102	1.045	536.556	189.433	0.000123375	chr1:54803011:A:G	1744	24	24	0.0489796	-1	3.64633e-05	0.487997	0.115764	0.0545945	0.0555472	0.0388747	0.000170376	AP
ENSG00000235927.4	2879	1.07555	189.589	180.686	3.91717e-05	chr1:77525823:C:T	-363716	150	207	0.422449	-1	5.94152e-06	0.370099	0.0797271	0.0039996	0.00493976	0.00502459	0.000525061	AP
ENSG00000282057.1	3862	1.04148	329.188	186.738	3.92281e-05	chr1:85216280:C:T	-361970	161	198	0.404082	1	8.43202e-06	-0.297548	0.0652218	0.00989901	0.0105201	0.00974279	0.000274884	AP
ENSG00000117505.12	2473	1.06127	179.604	182.91	3.04279e-08	chr1:93155926:A:G	-189962	154	210	0.428571	1	1.343e-09	-0.273356	0.0431614	9.999e-05	2.53209e-06	5.11044e-06	0.000532818	AP
ENSG00000224093.5	2870	1.04404	246.869	187.957	0.000144474	chr1:93555895:T:C	-36304	31	32	0.0653061	1	4.07835e-05	-0.383152	0.0914868	0.0270973	0.029671	0.0233975	0.000369229	AP
ENSG00000117543.20	3663	1.0596	326.432	188.342	0.000178686	chr1:101144140:CTTCTGTTAAGAAGCCAGGATTA:C	118052	33	34	0.0693878	1	5.30798e-05	0.339101	0.0822454	0.0434957	0.0465594	0.0337807	0.00029185	AP
ENSG00000085465.12	3908	1.06479	409.912	186.31	1.35663e-07	chr1:111425865:G:A	-1912	161	209	0.426531	1	1.09125e-08	-0.239437	0.0402884	9.999e-05	2.86424e-05	4.76326e-05	0.000235814	AP
ENSG00000272583.1	637	1.01525	33.0749	184.514	1.11941e-07	chr1:121147359:G:A	-371470	35	36	0.107784	1	7.37966e-09	0.931407	0.154791	9.999e-05	3.0404e-06	6.04736e-06	0.00252902	AP
ENSG00000188092.14	2963	1.05711	290.689	182.931	3.71145e-05	chr1:148158634:G:A	230241	86	108	0.220408	1	6.35831e-06	0.392091	0.084746	0.00629937	0.00807876	0.00771628	0.000325444	AP
ENSG00000269713.7	390	1.01861	78.1437	196.48	1.29498e-10	chr1:148989863:G:A	-113698	146	181	0.369388	1	1.1448e-11	-0.430395	0.060036	9.999e-05	7.12775e-09	2.14616e-08	0.00108219	AP
ENSG00000160741.16	2418	1.04497	219.034	187.187	0.000197269	chr1:153629962:C:G	-328663	134	168	0.342857	-1	5.64499e-05	0.172811	0.0420696	0.0334967	0.0359917	0.0275178	0.000417248	AP
ENSG00000163374.19	1500	1.03743	130.898	187.219	1.77976e-39	chr1:155645024:A:C	-43976	93	102	0.208163	1	6.76208e-46	1.03592	0.056723	9.999e-05	9.75183e-39	4.88056e-37	0.00068304	AP
ENSG00000132692.18	3105	1.05439	395.911	189.005	2.44443e-10	chr1:156645322:A:G	3932	107	130	0.265306	1	9.39406e-12	-0.408058	0.0566563	9.999e-05	3.92536e-08	1.05728e-07	0.000237142	AP
ENSG00000158716.8	3440	1.02569	456.917	194.245	6.9888e-06	chr1:159791643:C:T	10711	48	51	0.104082	1	1.81955e-06	0.30939	0.0630745	0.00239976	0.00272035	0.0029711	0.000189125	AP
ENSG00000000457.13	4475	1.0478	253.637	182.931	3.37693e-06	chr1:169789148:T:G	-105119	109	123	0.25102	1	3.67506e-07	0.400152	0.0762891	0.00019998	0.00059823	0.000758234	0.000363267	AP
ENSG00000081248.10	3871	1.04434	524.443	190.973	2.42626e-05	chr1:201033230:G:T	-79336	13	13	0.0265306	1	6.14084e-06	1.01863	0.219788	0.00939906	0.0102185	0.00950985	0.000173981	AP
ENSG00000143850.13	3373	1.04881	495.911	192.438	1.19126e-08	chr1:204336981:T:C	-40684	79	90	0.183673	1	1.18206e-09	0.242158	0.0380954	9.999e-05	3.21297e-06	6.36497e-06	0.000186356	AP
ENSG00000054392.12	3486	1.0754	316.051	179.894	4.99001e-06	chr1:210349473:A:G	21221	141	178	0.363265	1	4.69786e-07	-0.356482	0.0686327	0.00059994	0.000936839	0.00114279	0.000314897	AP
ENSG00000196890.4	2825	1.03902	266.029	186.824	0.00027651	chr1:228473017:A:G	14910	103	124	0.253061	1	8.22164e-05	0.204577	0.0509747	0.0590941	0.062944	0.0428559	0.000337721	AP
ENSG00000183929.7	2969	1.03633	368.581	189.925	1.43682e-05	chr1:228554292:G:T	-95949	91	102	0.208163	1	3.17433e-06	0.476706	0.0996716	0.00319968	0.00429782	0.00444401	0.000241877	AP
ENSG00000135801.9	3279	1.01908	405.021	191.989	2.06291e-05	chr1:229620159:T:A	-5888	178	232	0.473469	1	5.40619e-06	-0.247782	0.0531326	0.00619938	0.0075324	0.00727454	0.0002092	AP
ENSG00000231768.1	3891	1.02858	706.888	196.448	1.74619e-13	chr1:234531501:A:T	-278	178	238	0.485714	1	7.29329e-15	-0.32442	0.0388079	9.999e-05	6.35134e-11	2.48167e-10	0.000123299	AP
ENSG00000162849.15	4255	1.04543	707.839	189.208	0.000118015	chr1:245122001:A:C	-32984	110	137	0.279592	1	3.42802e-05	0.329969	0.0779977	0.0682932	0.0701269	0.0466697	0.000129311	AP
ENSG00000259823.5	2371	1.04006	186.284	186.588	4.76409e-09	chr1:248723764:T:C	-31975	83	91	0.185714	1	2.22947e-10	-0.635616	0.0954972	9.999e-05	4.99127e-07	1.13164e-06	0.000483695	AP
ENSG00000189292.15	2945	1.05519	303.603	187.209	0.000133389	chr2:202993:C:G	-85858	39	45	0.0918367	-1	3.58742e-05	-0.450266	0.106713	0.0280972	0.03244	0.0252506	0.000309925	AP
ENSG00000225964.5	4050	1.0264	583.658	194.598	7.1196e-06	chr2:6849889:C:T	9425	34	35	0.0714286	1	1.89821e-06	0.704535	0.143902	0.00279972	0.00354723	0.00375207	0.000148372	AP
ENSG00000134324.11	4079	1.07747	578.614	188.47	9.14942e-10	chr2:11784824:T:C	107229	130	160	0.326531	-1	4.05254e-11	0.447044	0.0642924	9.999e-05	1.66933e-07	4.08079e-07	0.000172999	AP
ENSG00000084674.14	3671	1.06299	359.995	183.402	8.38496e-09	chr2:21043902:GGCAGCGCCA:G	-171	117	133	0.271429	1	3.05058e-10	-0.512203	0.0776035	9.999e-05	1.31835e-06	2.78684e-06	0.000267163	AP
ENSG00000115138.10	2381	1.02483	223.88	183.904	4.70759e-15	chr2:25159744:G:T	-9159	58	62	0.126531	1	1.21784e-17	1.04433	0.111939	9.999e-05	5.25789e-13	2.66203e-12	0.000384955	AP
ENSG00000084774.13	2215	1.03513	148.517	180.6	5.03852e-05	chr2:27251438:C:T	34048	152	210	0.428571	1	8.00227e-06	-0.211388	0.0462139	0.0059994	0.00618267	0.00611093	0.000598034	AP
ENSG00000243943.9	1881	1.04772	129.784	183.37	0.000541919	chr2:27101883:G:T	-481086	165	216	0.440816	1	0.00015612	-0.160446	0.0416939	0.0548945	0.0585771	0.0405044	0.000709585	AP
ENSG00000115275.11	2543	1.04631	335.667	191.165	0.000138575	chr2:74118122:C:T	-347288	31	33	0.0673469	1	4.51566e-05	0.472136	0.113412	0.0375962	0.0386241	0.0291097	0.000273345	AP
ENSG00000115307.16	2565	1.04685	290.129	186.578	3.68395e-08	chr2:74516768:A:C	-13171	14	14	0.0285714	1	2.43543e-09	-1.05915	0.170169	9.999e-05	6.12512e-06	1.15238e-05	0.000316727	AP
ENSG00000075568.16	2459	1.04602	167.904	186.727	0.000113947	chr2:97761049:A:T	-234842	138	168	0.342857	1	2.91774e-05	0.182537	0.0427529	0.0138986	0.0154811	0.0135848	0.000545894	AP
ENSG00000234177.5	2894	1.07297	325.371	188.396	5.16832e-06	chr2:104751963:G:T	-5756	157	203	0.414286	1	8.87736e-07	0.354997	0.0701607	0.00049995	0.00102055	0.00123356	0.000303852	AP
ENSG00000272861.1	3877	1.03266	411.742	189.529	1.51731e-08	chr2:105248205:G:A	-1589	30	34	0.0693878	1	1.16646e-09	-0.891448	0.140186	9.999e-05	4.165e-06	8.05703e-06	0.00021422	AP
ENSG00000198203.9	3251	1.03783	217.312	188.535	7.81443e-42	chr2:108287884:G:A	-755	85	102	0.208163	1	2.52081e-48	1.12964	0.05934	9.999e-05	5.70518e-41	3.43565e-39	0.000411986	AP
ENSG00000144118.13	3195	1.07551	345.883	185.369	8.17699e-06	chr2:120292037:G:T	51973	105	122	0.24898	1	1.23923e-06	0.20929	0.0419558	0.00079992	0.00175328	0.00201031	0.000287831	AP
ENSG00000115919.14	2985	1.04799	271.964	185.551	6.56538e-06	chr2:142880449:T:C	2951	15	15	0.0306122	1	9.69411e-07	1.18628	0.235327	0.00139986	0.00128945	0.00152402	0.000338977	AP
ENSG00000183091.19	2626	1.06201	185.189	181.252	9.12321e-08	chr2:151770511:T:C	36024	112	136	0.277551	1	4.23198e-09	-0.402809	0.0658016	9.999e-05	8.31785e-06	1.52994e-05	0.000517824	AP
ENSG00000213160.9	4369	1.06129	331.676	184.942	0.000171446	chr2:169715343:A:G	20855	145	174	0.355102	1	4.31368e-05	-0.190521	0.0456417	0.0425957	0.0450997	0.0329216	0.000288597	AP
ENSG00000239498.1	4201	1.03337	456.943	190.513	3.02397e-05	chr2:220057512:A:C	-48144	110	126	0.257143	-1	7.6971e-06	0.392502	0.0856423	0.010199	0.0117239	0.0107156	0.000193434	AP
ENSG00000236432.7	4731	1.0558	488.294	190.096	6.07453e-09	chr2:227371816:C:T	46615	34	38	0.077551	1	4.31494e-10	0.658897	0.100773	9.999e-05	1.42259e-06	2.99097e-06	0.000193049	AP
ENSG00000135914.5	3608	1.04123	486.398	188.909	1.70354e-13	chr2:231190970:C:T	65852	101	123	0.25102	1	2.07233e-15	0.643828	0.0752629	9.999e-05	3.12532e-11	1.27404e-10	0.000185916	AP
ENSG00000144550.12	3138	1.07073	377.607	186.471	0.00023478	chr3:9222914:A:G	-480893	151	178	0.363265	1	6.69005e-05	0.286271	0.0704184	0.0664934	0.0691709	0.0461786	0.000260222	AP
ENSG00000157020.17	3662	1.04552	546.35	191.197	0.0001258	chr3:10238549:C:T	-82629	114	135	0.27551	-1	4.05096e-05	0.165284	0.0394501	0.0542946	0.0576033	0.0399864	0.000167572	AP
ENSG00000144560.13	3590	1.06514	392.336	186.46	5.16057e-09	chr3:11805825:C:G	34475	172	225	0.459184	1	2.41359e-10	0.330204	0.0497159	9.999e-05	8.37434e-07	1.82815e-06	0.000246615	AP
ENSG00000131389.16	3982	1.05386	580.95	193.593	1.25425e-07	chr3:14478656:A:G	76080	156	204	0.416327	1	1.88341e-08	0.277398	0.0475113	9.999e-05	4.25971e-05	6.86657e-05	0.000161378	AP
ENSG00000182568.16	2997	1.05718	263.778	184.225	0.000182722	chr3:18940741:C:T	495153	81	98	0.2	1	4.49293e-05	0.362008	0.0869322	0.0362964	0.0385603	0.0290705	0.000358708	AP
ENSG00000178917.15	2123	1.05981	147.642	182.685	0.00016242	chr3:44180065:G:C	-330571	26	26	0.0530612	1	3.62682e-05	0.344744	0.0817558	0.0170983	0.0184608	0.015748	0.000645465	AP
ENSG00000178252.17	1372	1.041	67.5709	179.199	3.34211e-25	chr3:48975950:G:A	-31112	144	181	0.369388	-1	1.90287e-30	-0.666507	0.04957	9.999e-05	2.61566e-24	3.85943e-23	0.00133628	AP
ENSG00000270441.1	1447	1.04615	57.0898	181.584	0.000301037	chr3:49162704:G:T	1853	127	159	0.32449	1	7.17864e-05	0.231488	0.0571919	0.0130987	0.0138486	0.0123513	0.00160482	AP
ENSG00000186792.16	1861	1.03494	92.868	179.574	5.67591e-17	chr3:50295266:G:A	-4202	125	155	0.316327	1	2.29847e-20	-0.559857	0.0546638	9.999e-05	1.64644e-15	1.10564e-14	0.000955625	AP
ENSG00000227124.8	3711	1.04999	245.377	180.782	9.52933e-05	chr3:75833840:T:C	48257	50	56	0.114286	1	1.73892e-05	0.302672	0.0688936	0.0184982	0.0187375	0.0159437	0.000377841	AP
ENSG00000175161.13	3742	1.0615	142.399	175.916	4.74173e-07	chr3:84915825:A:G	-43156	94	108	0.220408	1	1.89824e-08	0.258234	0.0442404	0.00019998	3.64092e-05	5.93888e-05	0.000672384	AP
ENSG00000163608.14	3960	1.0447	338.11	187.23	0.000197683	chr3:113013450:G:C	-6411	18	18	0.0367347	1	5.66985e-05	0.446783	0.108795	0.0519948	0.0561484	0.0392094	0.000270121	AP
ENSG00000114638.7	3699	1.04617	296.873	183.626	0.000124634	chr3:119189379:A:G	15862	57	62	0.126531	1	2.7768e-05	-0.292446	0.0683038	0.0278972	0.0305634	0.0239967	0.000308932	AP
ENSG00000163389.10	3654	1.0612	333.597	188.171	3.85121e-15	chr3:119400013:T:A	-68925	23	24	0.0489796	1	2.23929e-17	1.0867	0.117621	9.999e-05	2.34073e-13	1.23314e-12	0.000286864	AP
ENSG00000074416.13	3035	1.06713	290.245	185.562	4.18744e-05	chr3:127714044:T:G	-109206	168	218	0.444898	-1	8.52158e-06	-0.196861	0.0431744	0.00839916	0.00872013	0.00825539	0.000335179	AP
ENSG00000132394.10	3295	1.01754	343.781	191.764	7.6805e-09	chr3:128182943:G:A	29489	127	150	0.306122	1	6.70787e-10	-0.445142	0.0689156	9.999e-05	2.09212e-06	4.28078e-06	0.000245326	AP
ENSG00000163902.11	3072	1.05948	243.036	184.354	0.000106536	chr3:128610381:G:A	-70694	150	183	0.373469	1	2.39389e-05	-0.125784	0.0291355	0.019598	0.0200302	0.0168807	0.000391832	AP
ENSG00000241135.5	3372	1.03957	215.811	183.958	8.59768e-05	chr3:157127546:A:G	37665	15	15	0.0306122	1	1.82111e-05	1.01249	0.231037	0.0129987	0.0154317	0.0135479	0.000416946	AP
ENSG00000152492.13	4985	1.04408	404.523	187.027	0.000130828	chr3:191363433:G:A	34356	40	41	0.0836735	1	3.4769e-05	0.294065	0.0695675	0.0415958	0.0443998	0.0325325	0.00022538	AP
ENSG00000173950.15	4190	1.03681	533.385	190.363	5.41785e-12	chr3:195202553:A:G	-68614	31	32	0.0653061	1	1.40547e-13	0.943586	0.119554	9.999e-05	1.37915e-09	4.548e-09	0.000167384	AP
ENSG00000161267.11	3234	1.04557	354.409	186.909	3.70932e-16	chr3:197511669:C:T	-61654	30	36	0.0734694	1	1.13316e-18	0.734801	0.07592	9.999e-05	3.33587e-14	1.9319e-13	0.000258344	AP
ENSG00000251652.1	4201	1.0572	433.576	184.247	2.21852e-07	chr4:1128846:A:G	15207	168	236	0.481633	1	1.61686e-08	0.355433	0.0605723	9.999e-05	5.52601e-05	8.70326e-05	0.000218267	AP
ENSG00000168824.14	5320	1.0689	693.893	186.171	7.21767e-05	chr4:4386257:G:A	38117	50	59	0.120408	1	1.6654e-05	0.211498	0.0480291	0.0323968	0.0385152	0.0290454	0.000140911	AP
ENSG00000248184.1	3410	1.05367	383.864	188.246	6.8245e-06	chr4:54365042:T:C	32150	162	199	0.406122	1	1.21238e-06	-0.384449	0.0769967	0.00179982	0.00185735	0.00211588	0.000244086	AP
ENSG00000134851.12	4199	1.07389	337.674	184.3	3.23487e-10	chr4:55354827:C:T	-41130	176	226	0.461224	1	7.13698e-12	-0.202825	0.0279812	9.999e-05	3.23383e-08	8.81602e-08	0.000293523	AP
ENSG00000138744.14	4272	1.04233	229.697	182.119	1.64106e-23	chr4:75938552:C:G	-2499	132	159	0.32449	1	5.93079e-28	0.702925	0.0554882	9.999e-05	5.05579e-22	6.0991e-21	0.000394879	AP
ENSG00000138759.17	4078	1.03481	291.764	187.84	2.38508e-13	chr4:78434433:C:T	376863	23	23	0.0469388	1	2.55402e-15	0.879497	0.103201	9.999e-05	3.03694e-11	1.23938e-10	0.000304197	AP
ENSG00000138772.12	4208	1.0528	266.198	182.504	4.15824e-07	chr4:78584618:T:C	33099	117	138	0.281633	-1	2.92503e-08	-0.374455	0.0650846	0.00029997	6.68605e-05	0.00010365	0.000351084	AP
ENSG00000163319.10	3453	1.03913	393.018	189.55	0.00011728	chr4:83461397:A:G	5465	60	61	0.12449	1	3.45966e-05	-0.18784	0.0444248	0.0373963	0.03925	0.0294765	0.00022869	AP
ENSG00000151611.13	2763	1.07092	325.175	186.909	6.26432e-08	chr4:145688391:T:G	70128	32	32	0.0653061	1	4.67492e-09	-0.692622	0.113489	9.999e-05	9.17583e-06	1.67454e-05	0.000302328	AP
ENSG00000256043.2	4424	1.06179	405.596	184.332	2.13973e-16	chr4:155953681:G:A	-236	141	182	0.371429	1	3.39733e-19	-0.400588	0.0406528	9.999e-05	1.31686e-14	7.98857e-14	0.00023634	AP
ENSG00000164129.11	3295	1.04262	383.18	191.433	5.40659e-05	chr4:163580728:G:T	236789	13	13	0.0265306	1	1.56775e-05	0.541374	0.122544	0.0155984	0.0170588	0.0147542	0.000236935	AP
ENSG00000183439.7	5088	1.03808	530.383	190.566	1.85452e-07	chr4:164968285:G:A	-9383	166	210	0.428571	1	2.27444e-08	0.448055	0.077222	9.999e-05	6.80798e-05	0.000105298	0.000168953	AP
ENSG00000164105.3	3143	1.05534	373.586	188.695	9.39268e-05	chr4:173017957:A:G	-352012	23	24	0.0489796	1	2.57072e-05	-0.522998	0.121624	0.0259974	0.0279476	0.022283	0.000251986	AP
ENSG00000188242.4	3494	1.03846	301.39	183.487	0.000118555	chr5:413033:T:C	-60065	50	57	0.116327	1	2.5989e-05	-0.417407	0.097128	0.0273973	0.0303601	0.0238623	0.000297623	AP
ENSG00000113456.18	4210	1.04751	506.613	191.785	1.04222e-05	chr5:34648993:G:A	-269996	17	17	0.0346939	1	2.46052e-06	0.52054	0.10757	0.00339966	0.00402029	0.0041859	0.000181745	AP
ENSG00000251573.2	3043	1.05066	146.541	178.419	9.49238e-05	chr5:50886908:C:G	-83259	87	99	0.202041	1	1.52187e-05	-0.412771	0.0932862	0.00889911	0.0108798	0.0100383	0.000633761	AP
ENSG00000247796.2	3867	1.06317	268.511	182.439	4.09855e-19	chr5:53118961:G:A	9119	113	129	0.263265	1	1.23327e-22	0.812994	0.0740329	9.999e-05	1.05062e-17	8.58939e-17	0.000358341	AP
ENSG00000145649.7	3349	1.05996	264.859	182.963	0.00033365	chr5:55160900:T:TC	58252	20	21	0.0428571	1	8.63738e-05	-0.906617	0.226609	0.0685931	0.0711436	0.0471641	0.00036004	AP
ENSG00000234602.7	3495	1.05341	238.85	187.562	5.12298e-33	chr5:55227592:A:G	277	152	189	0.385714	1	2.8081e-38	-0.933351	0.0587958	9.999e-05	3.01919e-32	8.50315e-31	0.000391946	AP
ENSG00000249335.1	2936	1.05451	259.382	183.573	1.80023e-16	chr5:69008291:T:C	46133	134	156	0.318367	-1	2.33725e-19	0.618826	0.0624566	9.999e-05	8.55573e-15	5.29429e-14	0.000362052	AP
ENSG00000157111.12	2863	1.0492	275.924	187.08	1.30891e-34	chr5:73118856:G:GTAATAAA	-1436	118	143	0.291837	1	3.09726e-40	0.880043	0.0533886	9.999e-05	1.00311e-33	3.14834e-32	0.000335268	AP
ENSG00000271714.1	3458	1.02648	378.585	190.77	0.00011425	chr5:74731059:T:C	-134834	113	138	0.281633	1	3.55785e-05	-0.356562	0.0844645	0.039896	0.0385043	0.0290401	0.000228784	AP
ENSG00000164251.4	3567	1.04096	609.412	193.935	9.63901e-11	chr5:76839686:A:G	20753	136	168	0.342857	-1	6.0245e-12	-0.423353	0.0581767	9.999e-05	2.91737e-08	7.99745e-08	0.000148276	AP
ENSG00000061455.10	3694	1.05279	257.682	182.161	0.000194395	chr5:123217344:A:G	128223	144	174	0.355102	1	4.37803e-05	0.32486	0.0778921	0.0358964	0.0407403	0.0303404	0.000362673	AP
ENSG00000164241.13	3388	1.04621	258.296	185.027	4.56246e-06	chr5:126881917:A:G	-191575	12	12	0.0244898	-1	6.09747e-07	-0.914559	0.177953	0.00089991	0.000845256	0.00103971	0.0003551	AP
ENSG00000145868.16	3656	1.03184	347.295	192.16	0.000130822	chr5:148358575:A:G	-25360	168	230	0.469388	1	4.42766e-05	-0.215021	0.0515903	0.0366963	0.0396928	0.0297517	0.000253357	AP
ENSG00000135074.15	4000	1.07639	277.716	180.418	3.11892e-14	chr5:157565942:C:G	-9833	114	139	0.283673	1	5.86717e-17	-0.68425	0.0752312	9.999e-05	1.19612e-12	5.80204e-12	0.00035932	AP
ENSG00000182230.11	2404	1.04295	361.244	190.47	1.24606e-05	chr5:176071472:T:C	10783	13	14	0.0285714	1	2.78616e-06	-0.412769	0.0857851	0.00259974	0.00349493	0.00370239	0.000251558	AP
ENSG00000176783.14	4098	1.05132	659.877	193.015	1.35083e-07	chr5:179555664:G:A	5106	49	52	0.106122	1	1.95061e-08	0.461949	0.0792118	9.999e-05	5.40042e-05	8.53308e-05	0.000141059	AP
ENSG00000137266.14	4495	1.05376	727.628	192.555	2.78621e-05	chr6:3197711:A:T	-259311	28	30	0.0612245	1	7.84213e-06	0.38734	0.0845949	0.0143986	0.0158907	0.0138916	0.000128813	AP
ENSG00000260455.1	4265	1.05194	565.93	190.684	1.43699e-06	chr6:22125011:T:C	-22182	23	25	0.0510204	1	2.38961e-07	-0.751145	0.140822	9.999e-05	0.000549104	0.000702702	0.000164762	AP
ENSG00000276180.1	2720	1.04236	93.8387	173.714	0.000573618	chr6:27593708:T:G	455120	15	15	0.0306122	1	0.000109796	-0.580346	0.147315	0.0435956	0.045454	0.0331345	0.000966257	AP
ENSG00000204642.13	8028	1.10182	138.624	163.854	0.000133466	chr6:29730254:G:C	7479	132	155	0.316327	1	9.96496e-06	-0.321933	0.0711678	0.00839916	0.0116591	0.0106683	0.000770213	AP
ENSG00000066379.14	8562	1.10168	129.637	164.164	1.21285e-06	chr6:30083779:G:C	24880	72	79	0.161224	1	2.04747e-08	0.424222	0.0728595	9.999e-05	6.16408e-05	9.61213e-05	0.000823263	AP
ENSG00000204435.13	8817	1.07895	192.982	166.742	3.57691e-14	chr6:31612179:G:T	-53057	82	97	0.197959	1	3.79163e-18	-0.532824	0.0560769	9.999e-05	8.761e-13	4.32045e-12	0.00052063	AP
ENSG00000137413.15	3358	1.03607	580.991	194.544	3.39795e-09	chr6:42086066:A:C	35553	116	139	0.283673	1	3.55194e-10	-0.512321	0.0779412	9.999e-05	1.21016e-06	2.57225e-06	0.00015334	AP
ENSG00000124713.5	2411	1.07699	209.915	179.959	1.46663e-06	chr6:42953823:A:G	-6935	157	199	0.406122	-1	1.07369e-07	-0.331957	0.0603956	0.00029997	0.000159609	0.000229827	0.000476106	AP
ENSG00000256980.4	3138	1.07295	324.665	187.465	1.09678e-06	chr6:73223521:T:TAAGGA	-2249	58	66	0.134694	-1	1.37618e-07	0.353965	0.064991	0.00019998	0.000193129	0.000273678	0.000304496	AP
ENSG00000231652.2	4005	1.07364	234.345	182.151	4.34588e-06	chr6:73695400:C:T	-731	27	27	0.055102	1	4.69005e-07	0.813966	0.156701	0.00059994	0.000593144	0.000752689	0.000422608	AP
ENSG00000118407.14	2499	1.05162	172.08	182.525	5.79724e-09	chr6:75605917:G:A	112179	97	114	0.232653	1	1.7798e-10	0.373227	0.0557419	9.999e-05	4.77948e-07	1.08828e-06	0.000541213	AP
ENSG00000154548.8	3002	1.06141	280.15	185.434	0.000225013	chr6:89136244:C:T	18163	169	207	0.422449	-1	6.07236e-05	0.166594	0.0407367	0.0479952	0.0501363	0.0357905	0.000341776	AP
ENSG00000025039.14	2965	1.04015	270.386	183.092	0.000198784	chr6:89377217:G:T	-35053	19	20	0.0408163	1	4.70173e-05	0.386376	0.0930342	0.0424958	0.0457114	0.0332894	0.000333368	AP
ENSG00000112182.14	3282	1.03361	507.677	194.512	1.49763e-05	chr6:90418209:G:A	121301	44	47	0.0959184	1	4.34592e-06	0.608116	0.129039	0.00469953	0.0063357	0.00624137	0.000174228	AP
ENSG00000112249.13	3455	1.0409	123.513	180.311	4.80383e-09	chr6:100881297:A:C	-75	169	223	0.455102	1	1.09728e-10	-0.312076	0.0460256	9.999e-05	3.24292e-07	7.5894e-07	0.000731156	AP
ENSG00000111816.7	3064	1.03585	206.232	184.075	3.95624e-11	chr6:116049117:T:C	-11641	16	16	0.0326531	1	5.73301e-13	-1.30965	0.170851	9.999e-05	4.12042e-09	1.27913e-08	0.000431625	AP
ENSG00000051620.10	3676	1.03028	512.825	192.523	7.88304e-14	chr6:138401163:C:T	-2368	90	109	0.222449	1	1.57722e-15	-0.464893	0.0540802	9.999e-05	1.9333e-11	8.06763e-11	0.000170805	AP
ENSG00000135577.4	3236	1.0422	212.224	182.022	0.000339412	chr6:142105291:C:T	16492	52	52	0.106122	1	8.45051e-05	0.51121	0.1276	0.0584942	0.0610317	0.0418083	0.00042722	AP
ENSG00000235652.7	2454	1.03407	92.7682	181.488	2.63088e-28	chr6:145814989:G:T	15580	114	137	0.279592	1	7.97106e-34	0.569845	0.0393168	9.999e-05	3.22539e-27	5.70182e-26	0.000954232	AP
ENSG00000228408.6	3735	1.05176	426.658	190.139	6.32266e-15	chr6:149210680:T:C	-7246	148	187	0.381633	1	5.77972e-17	0.430207	0.0472882	9.999e-05	6.64171e-13	3.32852e-12	0.000218424	AP
ENSG00000131019.10	4225	1.04647	445.378	186.428	3.71195e-07	chr6:150069177:G:C	82	46	46	0.0938776	-1	3.57935e-08	-0.816789	0.142946	9.999e-05	0.000108082	0.000161057	0.000206116	AP
ENSG00000176381.5	4821	1.05656	710.535	190.823	1.08438e-06	chr6:166311204:T:C	2756	111	130	0.265306	1	1.74979e-07	-0.172434	0.0319461	0.00039996	0.000500858	0.000647222	0.000132958	AP
ENSG00000164877.18	4948	1.0648	561.384	186.428	4.68576e-05	chr7:1470356:CAGA:C	10854	20	20	0.0408163	1	1.01971e-05	-0.418991	0.0927331	0.019598	0.0199221	0.016803	0.000172201	AP
ENSG00000105928.13	4215	1.05271	461.247	186.043	1.52534e-24	chr7:24709604:T:C	-48509	144	187	0.381633	-1	1.3064e-28	0.756247	0.0587447	9.999e-05	5.27595e-23	6.96599e-22	0.000202592	AP
ENSG00000169902.13	2496	1.03276	55.0456	181.53	4.46625e-05	chr7:65744514:C:G	-460685	11	12	0.0244898	1	7.30824e-06	-0.679836	0.147954	0.00169983	0.00198888	0.00224946	0.00160132	AP
ENSG00000233423.1	5085	1.0562	383.216	184.535	2.96089e-08	chr7:67763396:C:T	66367	141	172	0.35102	1	1.53596e-09	0.398026	0.0630904	9.999e-05	5.83773e-06	1.10391e-05	0.00024625	AP
ENSG00000127951.6	3286	1.07573	279.697	181.349	4.17565e-12	chr7:77186705:G:A	-13143	41	43	0.0877551	1	2.56692e-14	-0.726245	0.088972	9.999e-05	2.37851e-10	8.58983e-10	0.000356134	AP
ENSG00000234456.7	3694	1.05037	248.73	185.188	9.49996e-06	chr7:79475986:G:A	23109	178	239	0.487755	1	1.46044e-06	0.154096	0.0311124	0.00149985	0.0017024	0.00195773	0.000373152	AP
ENSG00000197037.10	2125	1.04228	155.73	181.37	0.000497311	chr7:99316413:T:A	-300533	42	44	0.0897959	-1	0.000129544	0.323576	0.0830364	0.060094	0.0656343	0.0443492	0.00058227	AP
ENSG00000146834.13	2092	1.04846	141.818	179.082	1.2605e-10	chr7:100390780:A:G	-38010	71	75	0.153061	1	1.12357e-12	-0.574577	0.0760476	9.999e-05	7.37308e-09	2.21643e-08	0.000650773	AP
ENSG00000160999.10	2345	1.06193	245.485	184.428	2.51044e-09	chr7:102285204:C:G	113	121	156	0.318367	1	8.20229e-11	0.380743	0.0557355	9.999e-05	2.47375e-07	5.89549e-07	0.00039059	AP
ENSG00000128563.13	2352	1.06184	237.516	185.583	2.0567e-06	chr7:102432242:C:T	68370	91	104	0.212245	1	2.48819e-07	0.381965	0.0717207	0.00019998	0.000296602	0.000403109	0.000403589	AP
ENSG00000272686.1	3053	1.03711	203.63	183.947	8.91247e-06	chr7:123748678:G:A	-390	140	181	0.369388	1	1.24814e-06	0.255406	0.0512164	0.00139986	0.00141174	0.00165542	0.000438742	AP
ENSG00000197157.10	2681	1.03963	150.655	181.242	3.88733e-10	chr7:127651950:C:T	-230	90	100	0.204082	1	5.93542e-12	-0.395282	0.0543006	9.999e-05	2.9758e-08	8.14857e-08	0.000597295	AP
ENSG00000243317.7	4082	1.06879	368.351	186.695	6.17797e-08	chr7:135672728:A:C	10232	83	88	0.179592	1	4.50749e-09	-0.401039	0.0656388	9.999e-05	1.05798e-05	1.90948e-05	0.000265337	AP
ENSG00000033100.15	3901	1.06143	658.723	190.588	1.0324e-10	chr7:151229689:C:T	-2800	153	185	0.377551	1	4.26116e-12	-0.377284	0.0514365	9.999e-05	2.40126e-08	6.67401e-08	0.000145387	AP
ENSG00000239911.2	3242	1.05081	596.213	192.438	2.14019e-06	chr7:151876710:C:A	-332	33	34	0.0693878	1	4.25799e-07	0.509469	0.0977008	0.00059994	0.000888877	0.00108862	0.000155894	AP
ENSG00000105982.16	4276	1.05702	533.007	189.208	1.11414e-07	chr7:156780984:G:T	140703	16	16	0.0326531	1	1.12575e-08	0.927097	0.156152	9.999e-05	3.32496e-05	5.45715e-05	0.000177466	AP
ENSG00000254340.1	5462	1.04648	485.033	183.851	1.85262e-05	chr8:8849687:C:G	-291737	120	139	0.283673	1	2.94831e-06	0.466538	0.0972126	0.0069993	0.0070411	0.00685422	0.000189272	AP
ENSG00000253671.1	6254	1.05471	709.757	188.107	3.50823e-06	chr8:17383112:A:C	-425829	13	14	0.0285714	1	5.5593e-07	-0.827495	0.160405	0.00139986	0.00174887	0.00200619	0.000132411	AP
ENSG00000221947.7	2807	1.05625	155.421	185.615	0.000346513	chr8:70940050:C:T	270685	150	193	0.393878	1	0.000101476	-0.270544	0.0683243	0.039996	0.04338	0.0319084	0.000607082	AP
ENSG00000123124.13	3335	1.06217	217.837	180.632	5.52258e-05	chr8:86275422:A:T	-67316	152	196	0.4	1	8.95223e-06	0.181821	0.0399754	0.0079992	0.00883804	0.00835583	0.00044044	AP
ENSG00000164924.17	3556	1.02243	537.538	193.721	0.000102515	chr8:100796770:A:C	-156618	19	20	0.0408163	1	3.61415e-05	0.283835	0.0672977	0.0494951	0.0497464	0.0355799	0.000159215	AP
ENSG00000167700.8	2616	1.04962	257.94	183.124	2.94492e-05	chr8:144454002:T:C	-55072	42	49	0.1	-1	4.8857e-06	-0.27685	0.0590762	0.00559944	0.005812	0.00579093	0.000359066	AP
ENSG00000196150.13	2140	1.03258	205.299	185.412	0.000120698	chr8:144902955:A:G	787	174	227	0.463265	1	2.9239e-05	-0.332629	0.0779159	0.0179982	0.0213913	0.0178531	0.000429471	AP
ENSG00000107104.18	5708	1.07932	652.23	182.61	8.81789e-07	chr9:692085:T:C	221794	136	167	0.340816	-1	7.2381e-08	0.309494	0.0555129	0.00029997	0.000307058	0.000415794	0.00015425	AP
ENSG00000183354.11	3198	1.05636	259.303	180.429	0.000151352	chr9:5945802:C:T	-62099	47	53	0.108163	-1	2.97684e-05	-0.406196	0.0952451	0.0286971	0.0312679	0.0244642	0.000364056	AP
ENSG00000261402.1	3786	1.0503	505.739	187.294	1.56761e-17	chr9:19789255:G:C	-136839	26	27	0.055102	1	3.05812e-20	1.13329	0.111097	9.999e-05	1.51487e-15	1.02107e-14	0.000183512	AP
ENSG00000234840.1	4052	1.04489	411.089	185.102	3.42753e-06	chr9:22852730:A:T	206530	102	112	0.228571	-1	4.37811e-07	0.523951	0.10059	0.00069993	0.00102833	0.00124175	0.000222297	AP
ENSG00000198467.13	2982	1.0605	277.767	184.685	6.6656e-17	chr9:35690105:A:G	-915	147	187	0.381633	1	9.23256e-20	0.551936	0.0549616	9.999e-05	2.66152e-15	1.7477e-14	0.000343832	AP
ENSG00000147905.17	3612	1.03862	425.687	187.882	5.3299e-09	chr9:37223865:A:G	103326	104	122	0.24898	1	2.92831e-10	-0.274566	0.0415534	9.999e-05	1.35064e-06	2.85036e-06	0.00021083	AP
ENSG00000185963.13	3060	1.05724	201.007	180.237	3.69488e-09	chr9:92688000:T:C	-76812	79	92	0.187755	1	7.9164e-11	0.498236	0.0728688	9.999e-05	3.22925e-07	7.5598e-07	0.000470763	AP
ENSG00000197724.10	3821	1.03216	282.141	184.407	2.42451e-06	chr9:93637160:T:C	60753	106	127	0.259184	-1	2.76707e-07	-0.227926	0.0429734	0.00039996	0.000533506	0.000683804	0.000312144	AP
ENSG00000136824.18	4571	1.05433	231.594	182.6	9.77127e-34	chr9:104097457:T:C	3197	166	204	0.416327	-1	3.89329e-40	-0.616584	0.0374761	9.999e-05	4.77852e-33	1.42721e-31	0.000405274	AP
ENSG00000136861.17	2650	1.0549	265.569	186.342	9.13688e-07	chr9:120581685:G:A	1515	49	56	0.114286	-1	1.01922e-07	0.305056	0.0553961	0.00029997	0.000149972	0.000217384	0.000354009	AP
ENSG00000173611.17	2296	1.03334	136.72	182.108	0.000620429	chr9:125039622:T:C	-103884	94	109	0.222449	1	0.000173977	-0.174985	0.0458104	0.0722928	0.0738098	0.048446	0.000646232	AP
ENSG00000136802.11	2648	1.05503	379.256	192.096	5.74819e-11	chr9:128892889:T:C	10777	162	214	0.436735	-1	2.65421e-12	0.336591	0.0454013	9.999e-05	8.05993e-09	2.41116e-08	0.000248002	AP
ENSG00000095319.14	2671	1.05303	374.397	190.171	0.000116898	chr9:128829370:A:C	-118329	147	181	0.369388	1	3.55004e-05	-0.197533	0.0467867	0.0335966	0.0354244	0.0271654	0.000249804	AP
ENSG00000180525.11	2994	1.05302	274.512	182.504	6.44799e-05	chr10:616042:G:T	-33906	25	27	0.055102	1	1.19711e-05	-0.589225	0.131495	0.0134987	0.0138385	0.0123437	0.000340665	AP
ENSG00000134453.15	4368	1.04653	738.162	192.898	1.47393e-05	chr10:6100043:C:T	11056	11	12	0.0244898	1	3.8915e-06	-0.700446	0.147855	0.00679932	0.00859098	0.00814356	0.000124391	AP
ENSG00000120594.16	4684	1.05022	317.323	179.199	1.09656e-08	chr10:19824086:C:T	7847	186	244	0.497959	1	2.62376e-10	0.265296	0.0400324	9.999e-05	1.81077e-06	3.74336e-06	0.000292385	AP
ENSG00000279631.1	2339	1.06194	195.501	179.969	1.55564e-05	chr10:22251560:CAT:C	-512	27	30	0.0612245	1	1.86641e-06	-0.514799	0.105069	0.00109989	0.00206373	0.00232737	0.000490426	AP
ENSG00000261671.1	2342	1.04693	195.016	180.846	0.000380582	chr10:22114965:G:C	-142821	13	13	0.0265306	1	9.19054e-05	0.578739	0.145229	0.0593941	0.0619917	0.0423633	0.000471253	AP
ENSG00000151023.16	3529	1.03709	335.07	189.219	3.55262e-10	chr10:25027871:A:T	-34408	83	102	0.208163	1	1.48571e-11	0.416752	0.0584931	9.999e-05	6.48508e-08	1.69198e-07	0.000266651	AP
ENSG00000180817.11	4384	1.0284	660.35	191.219	3.30663e-08	chr10:70226296:T:C	-7615	130	167	0.340816	-1	3.35844e-09	0.213989	0.0347125	9.999e-05	1.59027e-05	2.78139e-05	0.000131918	AP
ENSG00000148734.7	4430	1.04562	662.214	189.615	1.08717e-06	chr10:70255817:T:G	-27859	67	76	0.155102	1	1.60364e-07	-0.52535	0.0970106	0.00069993	0.000507136	0.000654422	0.000138295	AP
ENSG00000133678.13	4345	1.06546	263.712	180.151	1.14845e-06	chr10:80112317:G:T	33671	173	217	0.442857	-1	8.11561e-08	-0.386964	0.0696934	9.999e-05	0.000173091	0.000247652	0.000367189	AP
ENSG00000224504.2	4601	1.03385	281.523	188.289	1.95229e-09	chr10:85099738:T:C	-333125	139	171	0.34898	1	9.5507e-11	0.46871	0.0688799	9.999e-05	3.32522e-07	7.76974e-07	0.000314378	AP
ENSG00000138134.11	3285	1.05106	305.176	186.129	5.94867e-05	chr10:88885584:G:A	5850	175	237	0.483673	-1	1.32567e-05	-0.228003	0.0511543	0.0136986	0.0143335	0.0127118	0.000304746	AP
ENSG00000107566.13	2846	1.05578	250.395	185.198	3.85679e-07	chr10:100183966:G:A	-4368	58	66	0.134694	1	3.37375e-08	0.481043	0.084017	0.00019998	5.62643e-05	8.84637e-05	0.000376388	AP
ENSG00000138111.14	2056	1.04769	134.609	182.504	2.30658e-06	chr10:102468034:GA:G	6639	168	224	0.457143	1	2.25999e-07	-0.255259	0.0477526	9.999e-05	0.000206865	0.000291193	0.000684105	AP
ENSG00000198873.11	3590	1.04655	453.429	186.588	7.37075e-05	chr10:119212798:A:T	5209	25	25	0.0510204	1	1.74425e-05	0.540122	0.122962	0.0227977	0.0274853	0.021983	0.000202503	AP
ENSG00000148832.14	2840	1.0512	416.861	190.588	1.42498e-11	chr10:133382797:C:A	3563	177	242	0.493878	1	4.40172e-13	0.467006	0.0605839	9.999e-05	2.20243e-09	7.05907e-09	0.000223202	AP
ENSG00000177963.13	2550	1.037	364.144	191.657	1.82719e-08	chr11:207698:C:T	187	154	208	0.42449	1	1.78079e-09	-0.236654	0.0376735	9.999e-05	4.21264e-06	8.13643e-06	0.0002453	AP
ENSG00000185627.17	2659	1.05375	390.416	190.983	6.40676e-18	chr11:236871:T:C	325	88	102	0.208163	-1	2.52248e-20	-0.393854	0.0385055	9.999e-05	4.00942e-16	2.85832e-15	0.000240045	AP
ENSG00000177595.17	4299	1.0324	513.751	191.048	0.00011449	chr11:796482:TC:T	-13271	15	16	0.0326531	1	3.61349e-05	-0.331322	0.078556	0.0480952	0.0513663	0.0365032	0.00017156	AP
ENSG00000135374.9	4370	1.04945	445.385	193.282	0.000136297	chr11:34558009:G:A	44204	108	118	0.240816	1	4.88053e-05	-0.39633	0.0956433	0.0477952	0.050148	0.0357954	0.000207873	AP
ENSG00000110435.11	4493	1.05881	389.402	186.524	6.19008e-11	chr11:34912761:C:T	-3068	145	179	0.365306	1	1.37166e-12	-0.232131	0.0308573	9.999e-05	8.37216e-09	2.50153e-08	0.000244123	AP
ENSG00000251557.2	3786	1.06749	221.44	177.692	0.000153541	chr11:42830229:T:C	-439164	14	14	0.0285714	1	2.62943e-05	1.05066	0.244643	0.0228977	0.0258133	0.0208871	0.000439723	AP
ENSG00000110492.15	1795	1.04563	138.222	181.231	0.00026326	chr11:46298471:G:A	-82285	131	166	0.338776	-1	6.01554e-05	-0.263873	0.0644869	0.0252975	0.03011	0.0237085	0.000662323	AP
ENSG00000006118.14	3128	1.07292	268.199	180.194	2.44412e-08	chr11:60866562:GGAA:G	-57901	133	165	0.336735	1	7.74902e-10	-0.306279	0.047609	9.999e-05	2.65807e-06	5.34609e-06	0.000368553	AP
ENSG00000149532.15	2355	1.05718	307.602	186.107	4.57984e-05	chr11:61416082:C:G	-13949	20	22	0.044898	1	9.75477e-06	-0.520607	0.114962	0.00889911	0.0106893	0.00988713	0.000307615	AP
ENSG00000162236.11	3022	1.04805	249.073	186.278	0.000183038	chr11:62384483:A:G	-447605	126	145	0.295918	1	4.96073e-05	0.224817	0.0543063	0.0362964	0.0376075	0.0284681	0.000370186	AP
ENSG00000174080.10	1961	1.04365	139.299	183.06	3.58579e-09	chr11:66565601:C:A	-3240	84	101	0.206122	1	1.06712e-10	0.37723	0.0555945	9.999e-05	2.60173e-07	6.18656e-07	0.000653486	AP
ENSG00000258297.1	1831	1.06681	135.128	179.028	7.58798e-06	chr11:66859790:G:A	193754	15	15	0.0306122	1	7.33339e-07	-0.76554	0.150095	0.00039996	0.000628304	0.000793365	0.000719069	AP
ENSG00000172613.7	2778	1.03851	239.572	183.252	3.82127e-08	chr11:67311241:G:A	-6630	17	19	0.0387755	1	1.82447e-09	-0.748401	0.119224	9.999e-05	5.75966e-06	1.09054e-05	0.000374454	AP
ENSG00000273819.1	3933	1.06153	319.354	183.273	6.05755e-05	chr11:67772052:C:T	-101315	149	183	0.373469	1	1.15968e-05	-0.35338	0.0787322	0.0108989	0.014624	0.012923	0.000299931	AP
ENSG00000171067.10	3447	1.0817	237.568	179.071	4.34484e-12	chr11:68270417:C:T	-1584	161	194	0.395918	-1	1.84942e-14	0.38956	0.0474253	9.999e-05	1.83539e-10	6.76696e-10	0.00042612	AP
ENSG00000158636.16	3209	1.03655	436.929	190.074	0.000195369	chr11:76434514:A:G	-10409	167	228	0.465306	-1	6.36058e-05	-0.174295	0.0427408	0.069893	0.0735576	0.0483502	0.000204176	AP
ENSG00000204403.9	3619	1.05163	163.905	180.622	8.59267e-16	chr11:104892159:C:A	-6511	34	34	0.0693878	-1	7.91946e-19	-1.52198	0.156408	9.999e-05	2.98798e-14	1.74406e-13	0.000568211	AP
ENSG00000261098.1	4083	1.04462	267.285	179.338	4.36597e-10	chr11:107437161:CATT:C	120890	88	100	0.204082	1	5.28649e-12	0.408291	0.0559387	9.999e-05	5.61361e-08	1.47657e-07	0.000341601	AP
ENSG00000166323.12	2875	1.06101	204.299	183.124	1.66777e-08	chr11:108329687:A:G	-137844	16	17	0.0346939	1	6.70918e-10	1.02403	0.158538	9.999e-05	1.53879e-06	3.21611e-06	0.000468098	AP
ENSG00000154096.13	3372	1.01395	428.45	190.374	2.94679e-05	chr11:119835799:G:A	410814	23	24	0.0489796	1	7.41578e-06	0.31958	0.0696016	0.00949905	0.0117336	0.0107205	0.000194736	AP
ENSG00000149403.11	3338	1.0631	508.085	189.39	6.57198e-21	chr11:120814824:G:A	303065	178	242	0.493878	-1	6.19218e-24	0.567818	0.0498152	9.999e-05	2.56305e-19	2.45597e-18	0.000189364	AP
ENSG00000150455.13	3923	1.05334	566.304	189.497	1.628e-07	chr11:126315509:A:G	32444	176	243	0.495918	-1	1.78731e-08	-0.405973	0.069413	9.999e-05	5.48597e-05	8.65123e-05	0.000165308	AP
ENSG00000149571.11	4042	1.05278	496.482	189.925	3.51346e-05	chr11:126661266:G:GA	-342194	148	181	0.369388	1	8.84935e-06	-0.222477	0.0488853	0.0125987	0.0136428	0.0121971	0.000188253	AP
ENSG00000110799.13	4075	1.03131	683.324	197.816	9.9135e-05	chr12:6425783:G:C	301013	51	55	0.112245	-1	4.19759e-05	0.325941	0.0779581	0.0585941	0.0593664	0.0409089	0.000128578	AP
ENSG00000256552.2	4240	1.05872	539.667	190.085	6.11868e-05	chr12:8296001:A:G	-24380	75	80	0.163265	1	1.68505e-05	-0.37302	0.0847625	0.0233977	0.0258957	0.0209423	0.000176115	AP
ENSG00000255790.5	3472	1.03608	504.405	194.117	1.67585e-11	chr12:11171340:G:C	-315338	144	192	0.391837	1	8.59719e-13	0.270981	0.0356585	9.999e-05	4.25569e-09	1.31836e-08	0.000176625	AP
ENSG00000256625.1	4034	1.03388	315.025	188.92	2.11965e-06	chr12:27005555:C:T	-116355	44	46	0.0938776	1	3.28802e-07	0.665057	0.126238	0.00029997	0.000513492	0.000661241	0.000280976	AP
ENSG00000139174.10	3824	1.04891	297.607	184.343	0.000192495	chr12:42847220:G:A	256865	96	102	0.208163	1	4.80426e-05	0.230514	0.055576	0.0436956	0.0473592	0.0342374	0.00031059	AP
ENSG00000134294.13	2622	1.0424	204.483	184.728	0.000362088	chr12:46121319:A:G	-251548	11	12	0.0244898	1	0.000102815	0.615646	0.15561	0.059594	0.0627075	0.0427191	0.000443643	AP
ENSG00000184271.16	2924	1.0821	255.801	183.284	3.40699e-06	chr12:51189586:G:C	-28122	35	39	0.0795918	1	3.81126e-07	0.385971	0.0736917	0.00069993	0.000470931	0.000612181	0.000396186	AP
ENSG00000139629.15	2951	1.02963	340.362	190.866	1.19254e-31	chr12:51362485:T:C	-30382	83	93	0.189796	1	4.47002e-36	-0.574694	0.0378308	9.999e-05	5.77608e-30	1.32869e-28	0.000256846	AP
ENSG00000258137.5	3225	1.03607	446.706	191.732	2.48553e-06	chr12:54392630:T:C	38969	60	62	0.126531	1	4.8067e-07	-0.690819	0.133125	0.00129987	0.000854773	0.00105015	0.00019943	AP
ENSG00000161642.17	3221	1.05738	459.376	191.978	4.78581e-05	chr12:54013506:C:T	-377792	173	223	0.455102	1	1.40377e-05	-0.192858	0.0433998	0.0146985	0.0170269	0.0147318	0.000206114	AP
ENSG00000123329.17	2049	1.05167	190.919	184.033	4.55098e-05	chr12:57476865:A:G	-11949	73	86	0.17551	-1	8.62443e-06	0.388963	0.0853566	0.00559944	0.00661808	0.00648848	0.000487898	AP
ENSG00000139287.12	3143	1.03929	282.038	188.096	0.000276084	chr12:71456685:A:C	-482161	10	10	0.0204082	1	8.67671e-05	-1.10626	0.276589	0.0643936	0.0665767	0.0448265	0.000318805	AP
ENSG00000139278.9	3308	1.05337	414.277	191.55	5.80521e-09	chr12:75486316:TA:T	5636	129	155	0.316327	1	4.76992e-10	-0.330557	0.0506952	9.999e-05	1.17781e-06	2.50837e-06	0.000225979	AP
ENSG00000175183.9	3382	1.0418	300.163	186.439	2.48482e-25	chr12:76921493:C:T	42433	88	100	0.204082	1	1.77263e-29	0.67136	0.0510769	9.999e-05	8.70691e-24	1.22145e-22	0.000301737	AP
ENSG00000076513.16	2278	1.05327	176.733	181.83	0.000245417	chr12:109985865:AAC:A	-13321	141	185	0.377551	1	5.68976e-05	-0.198721	0.0484005	0.0312969	0.0350704	0.0269553	0.000529437	AP
ENSG00000089154.10	2987	1.03067	274.084	187.39	1.0774e-06	chr12:120168359:T:C	-26351	64	71	0.144898	-1	1.34021e-07	0.303294	0.0556326	9.999e-05	0.000227091	0.000317133	0.000319918	AP
ENSG00000170633.16	3555	1.06749	310.561	182.471	3.79447e-11	chr12:121398384:A:T	-1657	94	109	0.222449	1	4.31963e-13	-0.429019	0.0556338	9.999e-05	3.33576e-09	1.04651e-08	0.00031357	AP
ENSG00000269997.1	3705	1.03223	388.693	186.995	3.74221e-06	chr12:123907573:G:C	-59056	58	62	0.126531	1	5.54669e-07	0.287096	0.0556468	0.00059994	0.00116124	0.00138597	0.000226636	AP
ENSG00000182870.12	4005	1.04301	537.16	189.657	7.13226e-08	chr12:132340356:G:C	11007	165	208	0.42449	1	7.01281e-09	0.425846	0.0706584	9.999e-05	2.42779e-05	4.10097e-05	0.000169214	AP
ENSG00000237636.2	4995	1.06753	263.041	178.772	3.66283e-13	chr13:19344814:G:C	-11	150	197	0.402041	1	8.57406e-16	-0.489181	0.0562941	9.999e-05	1.96993e-11	8.20662e-11	0.000370242	AP
ENSG00000224976.2	4994	1.07798	276.034	179.37	2.80157e-07	chr13:19344814:G:C	-4323	150	197	0.402041	1	1.37195e-08	-0.432063	0.0732385	9.999e-05	3.5697e-05	5.8317e-05	0.000363077	AP
ENSG00000122034.13	4465	1.07125	506.461	186.182	1.33101e-06	chr13:27406159:A:G	-18385	124	159	0.32449	-1	1.56318e-07	0.145429	0.0268291	0.00019998	0.000388038	0.000514539	0.000194305	AP
ENSG00000136144.11	2982	1.04035	209.502	183.691	9.851e-21	chr13:49593793:T:A	8210	179	243	0.495918	1	2.02786e-24	0.490385	0.0424461	9.999e-05	3.92164e-19	3.70035e-18	0.000430467	AP
ENSG00000165416.14	2829	1.0655	259.583	184.482	4.98332e-07	chr13:52585926:C:G	-66783	29	29	0.0591837	1	4.29553e-08	0.435264	0.0766546	9.999e-05	6.99086e-05	0.000107808	0.000373069	AP
ENSG00000136111.12	3361	1.08279	343.769	183.819	0.000194672	chr13:75479248:A:G	-2866	157	192	0.391837	1	4.74876e-05	-0.257451	0.0620274	0.0471953	0.049803	0.0356109	0.000295382	AP
ENSG00000165621.8	2382	1.05775	231.037	185.091	7.04377e-05	chr13:96994934:T:A	204	133	161	0.328571	-1	1.52886e-05	-0.381709	0.0862872	0.0112989	0.0124044	0.0112227	0.000410181	AP
ENSG00000182968.4	3573	1.04702	602.195	194.042	6.39589e-05	chr13:111978758:C:T	-88889	175	242	0.493878	1	2.16023e-05	-0.296319	0.0682481	0.0290971	0.0317462	0.0247756	0.000152687	AP
ENSG00000150401.14	3578	1.06281	515.768	189.476	5.89605e-14	chr13:113519293:A:G	28341	161	212	0.432653	1	6.70718e-16	-0.557812	0.0639163	9.999e-05	6.46196e-12	2.85585e-11	0.000186393	AP
ENSG00000100804.18	3607	1.03053	692.866	196.64	5.32852e-06	chr14:23034812:G:A	-418	32	33	0.0673469	1	1.5565e-06	-0.265692	0.0537936	0.00269973	0.00306506	0.0032989	0.000126518	AP
ENSG00000283654.1	3310	1.02815	671.815	197.004	4.80202e-06	chr14:23099285:C:T	-5707	56	62	0.126531	1	1.41826e-06	-0.476067	0.095996	0.00229977	0.00270754	0.00295926	0.000129571	AP
ENSG00000100918.12	3991	1.02645	514.707	195.988	3.40826e-06	chr14:24171950:A:T	97	15	16	0.0326531	1	9.09355e-07	0.779183	0.154152	0.0009999	0.00146509	0.00171221	0.000168271	AP
ENSG00000092108.20	2942	1.04819	412.651	194.01	9.98079e-07	chr14:30546340:C:T	-75772	158	197	0.402041	1	2.01117e-07	0.218592	0.0407114	9.999e-05	0.000276941	0.000379032	0.000223555	AP
ENSG00000092020.10	3630	1.06099	249.902	181.776	4.01409e-11	chr14:35127078:G:C	4561	162	210	0.428571	1	4.17148e-13	-0.265999	0.0344686	9.999e-05	3.17566e-09	1.00052e-08	0.000382683	AP
ENSG00000131966.13	2748	1.02713	331.728	190.577	1.53772e-07	chr14:58210782:C:T	10702	12	12	0.0244898	1	1.83708e-08	-0.551513	0.0943826	9.999e-05	3.85608e-05	6.25403e-05	0.000261597	AP
ENSG00000139974.15	2402	1.05142	261.655	186.086	0.000350784	chr14:61155263:T:C	174149	113	125	0.255102	1	0.000105047	-0.177599	0.0449523	0.0715928	0.0757635	0.0494515	0.000355784	AP
ENSG00000119715.14	3373	1.05215	449.94	189.283	4.3882e-09	chr14:76152824:A:C	-157790	139	180	0.367347	1	2.72134e-10	0.5714	0.0863072	9.999e-05	9.7273e-07	2.10305e-06	0.000207353	AP
ENSG00000197102.10	2805	1.04608	286.168	185.423	3.93476e-05	chr14:102058815:T:C	94287	35	37	0.0755102	1	7.86015e-06	-0.24976	0.0545538	0.0079992	0.00892368	0.00842658	0.000320403	AP
ENSG00000258986.6	4095	1.05198	597.038	189.818	0.000121846	chr14:104592272:T:C	-13375	62	65	0.132653	-1	3.66082e-05	-0.281938	0.0668975	0.0564944	0.0597964	0.0411526	0.000156196	AP
ENSG00000275835.4	895	1.05762	188.785	193.903	8.85701e-05	chr15:23002267:C:T	-37406	28	29	0.0591837	1	3.09283e-05	-0.599757	0.140937	0.0117988	0.0127702	0.0115142	0.000501763	AP
ENSG00000153684.14	1833	1.06153	239.905	192.684	2.13621e-05	chr15:28310596:G:A	-68025	25	25	0.0510204	-1	5.84801e-06	-0.827444	0.178111	0.00289971	0.00359625	0.00379886	0.000399226	AP
ENSG00000188626.6	2216	1.05095	372.353	192.587	3.40397e-09	chr15:28709830:A:C	-28554	64	72	0.146939	1	2.89869e-10	-0.499888	0.0756336	9.999e-05	6.20576e-07	1.38589e-06	0.000249699	AP
ENSG00000034053.14	2733	1.04025	438.295	193.282	5.10272e-08	chr15:29070904:C:T	186421	43	48	0.0979592	1	6.64439e-09	-0.648415	0.107407	9.999e-05	1.42815e-05	2.51866e-05	0.000205734	AP
ENSG00000176454.13	3494	1.01899	504.475	195.507	3.80364e-07	chr15:34366092:T:C	-1186	14	14	0.0285714	1	7.62687e-08	0.572117	0.102811	0.00019998	0.000161767	0.000232708	0.000167916	AP
ENSG00000128923.10	3591	1.04859	415.167	185.188	9.13374e-09	chr15:58860203:G:T	89011	81	86	0.17551	-1	4.10576e-10	0.442213	0.0675411	9.999e-05	2.02416e-06	4.15781e-06	0.000222454	AP
ENSG00000171914.15	3511	1.04616	431.87	186.685	7.21356e-05	chr15:62549785:G:A	159259	14	14	0.0285714	1	1.70953e-05	-0.475934	0.108232	0.0214979	0.0256057	0.0207713	0.000212373	AP
ENSG00000218052.5	3854	1.06616	311.771	182.279	1.38926e-08	chr15:85330306:T:C	-28	145	176	0.359184	1	4.924e-10	0.412766	0.0633583	9.999e-05	1.85805e-06	3.83682e-06	0.000311206	AP
ENSG00000261478.1	3600	1.05087	494.836	191.475	5.7204e-10	chr15:89500752:A:G	-8209	154	197	0.402041	1	3.36725e-11	0.430923	0.0616914	9.999e-05	1.28563e-07	3.20955e-07	0.000187859	AP
ENSG00000184277.12	3154	1.06801	578.001	189.208	4.74901e-09	chr15:101684398:A:C	32007	119	152	0.310204	1	2.95707e-10	0.265816	0.0402398	9.999e-05	1.11474e-06	2.38486e-06	0.000168745	AP
ENSG00000103197.16	3656	1.06759	325.737	183.06	3.366e-08	chr16:2067702:A:G	20237	34	36	0.0734694	1	1.53821e-09	-0.503887	0.0798737	9.999e-05	4.91764e-06	9.41463e-06	0.000299048	AP
ENSG00000167964.12	3446	1.05574	358.149	187.754	1.78105e-05	chr16:2089126:A:T	-51677	146	195	0.397959	1	3.57152e-06	-0.236837	0.0497918	0.00319968	0.00468101	0.00479564	0.000263141	AP
ENSG00000238098.8	3205	1.04108	427.029	190.823	7.44135e-05	chr16:2334241:T:C	-4909	36	40	0.0816327	1	2.18738e-05	0.353153	0.0813941	0.0254975	0.0266574	0.0214599	0.000211668	AP
ENSG00000278975.1	8378	1.04961	1131.21	192.726	6.25189e-05	chr16:6615623:A:G	-88260	14	15	0.0306122	1	1.97319e-05	-0.387696	0.0888526	0.0554945	0.0585344	0.0404862	8.18897e-05	AP
ENSG00000260517.2	2242	1.0284	244.163	189.679	7.80625e-05	chr16:29081811:T:C	-34316	184	238	0.485714	1	2.18231e-05	-0.286451	0.0660123	0.0133987	0.0166647	0.0144759	0.000356725	AP
ENSG00000174939.10	1404	1.05266	178.518	186.471	0.000103224	chr16:29920743:C:T	20368	178	231	0.471429	-1	2.56742e-05	0.150024	0.0348859	0.0122988	0.0144566	0.0128072	0.000523242	AP
ENSG00000099381.16	2025	1.06037	186.492	183.241	0.000489022	chr16:30735501:C:A	-221793	169	223	0.455102	1	0.000137514	0.13665	0.0352072	0.0716928	0.0733771	0.0482603	0.000511858	AP
ENSG00000140718.19	3295	1.06401	452.591	189.283	1.16587e-05	chr16:54114164:A:T	412472	18	19	0.0387755	1	2.40173e-06	-0.388016	0.0800959	0.00249975	0.00365668	0.00385554	0.000213118	AP
ENSG00000125124.11	3477	1.056	421.996	186.952	0.000113723	chr16:56546663:C:G	26380	159	203	0.414286	-1	2.94346e-05	0.278721	0.065313	0.0361964	0.0385458	0.0290655	0.000223499	AP
ENSG00000070761.7	3605	1.04856	516.25	191.176	5.02276e-05	chr16:57828125:C:T	-301325	11	11	0.022449	1	1.42277e-05	0.426781	0.0961088	0.0167983	0.0209808	0.0175679	0.000178888	AP
ENSG00000062038.13	2742	1.05333	167.016	177.681	3.64246e-07	chr16:68537716:C:T	-98473	182	231	0.471429	-1	1.61571e-08	-0.340408	0.0580104	9.999e-05	3.54161e-05	5.7922e-05	0.000560321	AP
ENSG00000103018.16	2917	1.06031	179.158	182.75	8.14472e-05	chr16:69456651:C:A	32126	124	151	0.308163	1	1.60191e-05	-0.180635	0.0409352	0.00979902	0.0109308	0.0100828	0.000532713	AP
ENSG00000259768.5	2417	1.04519	293.087	189.262	3.02848e-05	chr16:72447008:C:G	-218162	169	227	0.463265	-1	7.1937e-06	0.366425	0.0796833	0.00529947	0.00699822	0.00681785	0.000312045	AP
ENSG00000260495.1	5866	1.04706	836.075	191.058	4.70025e-05	chr16:81784835:G:C	471412	88	102	0.208163	1	1.31112e-05	0.177391	0.0397759	0.0306969	0.0324029	0.0252244	0.000109991	AP
ENSG00000140961.12	6660	1.05507	1146.79	191.572	1.05374e-05	chr16:83951171:A:C	2889	130	151	0.308163	-1	2.45944e-06	-0.352297	0.0728011	0.00829917	0.00919168	0.0086411	8.2037e-05	AP
ENSG00000259803.6	4644	1.07044	545.954	184.781	2.19181e-09	chr16:89194418:C:T	-7246	81	87	0.177551	1	7.28226e-11	0.680836	0.0993639	9.999e-05	4.4384e-07	1.01499e-06	0.00017985	AP
ENSG00000197912.13	4480	1.06487	390.621	180.226	9.48879e-08	chr16:89508277:G:C	17360	163	202	0.412245	1	4.01048e-09	0.289622	0.0472345	9.999e-05	1.85812e-05	3.21045e-05	0.000247512	AP
ENSG00000158805.11	3922	1.05947	360.351	181.124	1.11917e-05	chr16:89760315:G:A	39915	161	206	0.420408	-1	1.35562e-06	0.173255	0.0348673	0.00229977	0.00282465	0.00307229	0.000264288	AP
ENSG00000108963.17	3333	1.04116	537.898	192.128	1.59546e-05	chr17:2042452:A:G	12342	80	85	0.173469	1	4.07138e-06	0.287526	0.0608228	0.0059994	0.00690003	0.00673815	0.000168084	AP
ENSG00000132535.18	3577	1.06033	612.499	191.732	2.91203e-05	chr17:7375381:G:A	155679	19	19	0.0387755	1	7.88302e-06	-0.56279	0.122945	0.0131987	0.0134983	0.0120839	0.000155877	AP
ENSG00000004975.11	3583	1.02215	642.39	195.827	7.03018e-06	chr17:7538883:C:T	304338	12	15	0.0306122	1	2.01617e-06	-0.580113	0.118808	0.00289971	0.00396003	0.00413187	0.000133119	AP
ENSG00000215041.9	3276	1.05595	570.121	190.438	9.51514e-06	chr17:7397760:C:T	68367	22	22	0.044898	1	2.04255e-06	-0.568637	0.116526	0.00369963	0.00394214	0.0041161	0.000165415	AP
ENSG00000141504.11	3208	1.05644	553.215	192.705	6.16215e-07	chr17:7789192:C:T	161316	135	171	0.34898	1	1.05964e-07	-0.254494	0.0462799	9.999e-05	0.000211868	0.000297444	0.000170705	AP
ENSG00000006695.10	4940	1.04194	799.172	194.469	8.82477e-06	chr17:14028934:C:T	-40562	67	76	0.155102	1	2.39611e-06	-0.45977	0.0948975	0.00459954	0.00560544	0.0056085	0.000113391	AP
ENSG00000076604.14	1900	1.05638	192.265	183.84	1.87059e-06	chr17:28886972:C:T	142988	129	164	0.334694	1	1.95087e-07	-0.256011	0.0476254	0.00019998	0.000224329	0.00031369	0.000490971	AP
ENSG00000176927.14	1837	1.04543	118.637	183.712	4.62363e-13	chr17:29840923:A:G	-88277	155	204	0.416327	-1	2.74325e-15	0.586033	0.0688546	9.999e-05	1.83862e-11	7.69856e-11	0.000771157	AP
ENSG00000276293.4	3300	1.0518	429.477	185.316	0.00015999	chr17:39218346:C:A	418220	19	19	0.0387755	1	4.04939e-05	0.360659	0.0860802	0.0519948	0.0564611	0.0393684	0.000217015	AP
ENSG00000141295.13	2849	1.06152	146.9	179.991	5.11079e-06	chr17:47844540:T:C	3207	162	216	0.440816	-1	4.86988e-07	-0.330574	0.063737	0.00029997	0.000469252	0.00061032	0.000651829	AP
ENSG00000136444.9	3364	1.04283	589.392	191.604	2.58234e-19	chr17:50485811:C:T	7011	52	60	0.122449	1	7.42271e-22	-0.662152	0.0617144	9.999e-05	3.13915e-17	2.45272e-16	0.00015414	AP
ENSG00000108654.12	2325	1.05895	239.86	185.455	0.000324361	chr17:64070237:G:A	-437962	16	16	0.0326531	1	9.32738e-05	-0.576421	0.144784	0.0608939	0.0626849	0.0427148	0.00039643	AP
ENSG00000055483.19	4977	1.04642	984.793	194.619	1.47375e-15	chr17:78800381:C:T	-41060	131	167	0.340816	1	2.55384e-17	0.318086	0.0345015	9.999e-05	4.01264e-13	2.05545e-12	9.32115e-05	AP
ENSG00000274214.1	4952	1.06064	378.388	183.701	0.000142163	chr18:14248961:T:C	-4587	50	54	0.110204	1	3.25656e-05	0.351287	0.0827928	0.0380962	0.0426786	0.0314988	0.000252518	AP
ENSG00000078142.11	3135	1.0525	255.04	186.407	3.237e-12	chr18:42057282:T:TTACA	102076	177	233	0.47551	-1	4.25095e-14	-0.336097	0.0415809	9.999e-05	2.69098e-10	9.65708e-10	0.000366128	AP
ENSG00000152223.12	3661	1.05699	371.583	184.311	9.21598e-11	chr18:45922224:G:T	-45050	153	200	0.408163	1	1.61502e-12	-0.326352	0.0435379	9.999e-05	1.25395e-08	3.64524e-08	0.000254523	AP
ENSG00000263958.1	4332	1.04709	610.89	194.983	7.97975e-17	chr18:72877585:GA:G	9197	34	34	0.0693878	1	1.0377e-18	1.02796	0.106069	9.999e-05	1.12756e-14	6.90239e-14	0.000150545	AP
ENSG00000178342.4	3810	1.05384	476.894	190.374	6.63831e-06	chr18:79797500:CGTGA:C	-66168	151	177	0.361225	1	1.34738e-06	0.407457	0.0819783	0.00239976	0.00226427	0.00252382	0.000196573	AP
ENSG00000099625.12	4408	1.03021	1157.36	199.42	1.59564e-05	chr19:1038153:C:T	-199874	26	28	0.0571429	1	6.1134e-06	-0.290674	0.0627049	0.0159984	0.016007	0.0139817	7.56726e-05	AP
ENSG00000105278.10	4009	1.05099	730.894	192.566	2.32359e-06	chr19:3852156:C:A	-16876	148	181	0.369388	-1	4.71507e-07	0.186346	0.0358821	0.00139986	0.00119865	0.0014258	0.000127235	AP
ENSG00000270011.6	4367	1.0363	359.377	191.689	1.58734e-09	chr19:9324196:C:T	22	28	31	0.0632653	1	1.10466e-10	-0.742903	0.109584	9.999e-05	3.33221e-07	7.77871e-07	0.000248049	AP
ENSG00000214189.8	3065	1.04855	242.358	186.674	4.56776e-07	chr19:12067126:G:T	-25137	83	101	0.206122	1	4.65596e-08	0.384115	0.0678358	0.00019998	6.96428e-05	0.000107468	0.000380982	AP
ENSG00000104957.13	3314	1.03136	654.925	196.683	6.17639e-05	chr19:13290384:GTGTGTGTGTC:G	-441376	38	38	0.077551	1	2.36114e-05	0.304466	0.0704697	0.0355964	0.0353567	0.0271219	0.000134173	AP
ENSG00000105650.21	3435	1.03433	489.291	189.85	4.93167e-13	chr19:18246702:T:C	-8717	72	83	0.169388	-1	8.25953e-15	-0.701129	0.0840656	9.999e-05	1.11164e-10	4.21175e-10	0.000181154	AP
ENSG00000167487.11	3243	1.04456	413.448	190.256	3.15609e-05	chr19:18645678:G:C	8713	54	58	0.118367	1	7.96958e-06	0.303281	0.0662902	0.0089991	0.0104779	0.00970735	0.00022082	AP
ENSG00000279377.1	5162	1.04322	228.523	180.429	3.31612e-08	chr19:21570287:A:C	-398242	153	193	0.393878	1	1.1491e-09	-0.478109	0.0751537	9.999e-05	4.46808e-06	8.60512e-06	0.000397924	AP
ENSG00000196109.6	5178	1.07343	245.003	178.547	2.24094e-06	chr19:22232707:A:T	35756	171	228	0.465306	1	1.60345e-07	0.431023	0.0795919	0.00019998	0.000306144	0.000414837	0.000403998	AP
ENSG00000269837.1	4126	1.03146	185.404	183.306	1.17383e-06	chr19:23244467:C:G	-13472	138	159	0.32449	1	1.07643e-07	0.30305	0.0551414	0.00019998	0.000164653	0.000236493	0.000473985	AP
ENSG00000261824.6	4510	1.0708	167.835	176.259	6.64352e-07	chr19:27520208:G:A	-273732	64	72	0.146939	1	2.97145e-08	-0.436452	0.0759008	9.999e-05	5.67319e-05	8.91232e-05	0.000585415	AP
ENSG00000256612.7	3613	1.05458	435.35	189.016	9.28749e-05	chr19:40901438:G:A	-22781	135	163	0.332653	1	2.57814e-05	-0.326528	0.0759469	0.030097	0.0324586	0.0252583	0.000215779	AP
ENSG00000104884.14	3439	1.06045	427.779	186.428	1.59289e-08	chr19:45361758:G:C	-9160	19	20	0.0408163	1	8.99641e-10	0.816641	0.127477	9.999e-05	3.23228e-06	6.39809e-06	0.000223249	AP
ENSG00000204851.6	3450	1.06482	491.776	189.101	6.46436e-05	chr19:46505705:T:C	9207	42	48	0.0979592	1	1.70638e-05	0.267083	0.0607312	0.0206979	0.0243038	0.0198653	0.000196582	AP
ENSG00000161558.10	4410	1.04972	574.078	188.011	9.41642e-05	chr19:48292284:A:G	-71953	185	236	0.481633	1	2.4921e-05	-0.256425	0.0595289	0.0436956	0.0445093	0.0325743	0.000161403	AP
ENSG00000142235.8	4416	1.04849	602.391	189.754	1.61618e-05	chr19:48260540:C:A	-252649	131	151	0.308163	-1	3.59622e-06	0.110742	0.0232895	0.00769923	0.0075762	0.0073136	0.00015328	AP
ENSG00000063180.8	4152	1.03993	585.596	190.096	6.33168e-06	chr19:48617517:T:G	-28795	170	235	0.479592	1	1.25376e-06	0.143045	0.0286903	0.00169983	0.00290863	0.00315022	0.000153847	AP
ENSG00000105618.13	5211	1.04593	1270.16	199.046	4.85788e-05	chr19:53650018:G:A	-465392	139	182	0.371429	1	2.02966e-05	-0.303461	0.0696548	0.0508949	0.0515718	0.0366246	7.21695e-05	AP
ENSG00000235081.1	5133	1.04089	1158.79	198.683	3.87216e-15	chr19:54207390:G:T	-21646	117	144	0.293878	1	1.55778e-16	-0.668937	0.0747534	9.999e-05	1.51446e-12	7.25072e-12	7.79671e-05	AP
ENSG00000129990.14	4706	1.05712	822.415	193.079	1.97674e-05	chr19:55171015:C:T	-9426	81	90	0.183673	1	5.47716e-06	0.218394	0.0468604	0.0114989	0.0124253	0.0112361	0.000115053	AP
ENSG00000197128.11	3951	1.05557	414.415	185.049	1.45011e-16	chr19:57449823:A:T	-27747	130	162	0.330612	1	2.5116e-19	-0.582554	0.0588577	9.999e-05	1.08012e-14	6.62293e-14	0.000227311	AP
ENSG00000268660.1	3449	1.05953	361.68	185.679	8.77993e-08	chr19:58044421:C:A	-171	57	59	0.120408	1	6.18198e-09	-0.553658	0.0915051	9.999e-05	1.66969e-05	2.90657e-05	0.000263362	AP
ENSG00000249471.7	2316	1.05307	260.763	185.712	2.78463e-06	chr19:58440444:C:A	-11160	141	186	0.379592	-1	3.58415e-07	0.305928	0.0582675	0.00029997	0.000483249	0.000626667	0.000358673	AP
ENSG00000083807.9	2040	1.05916	217.194	181.98	6.66882e-11	chr19:58497742:T:C	-14671	62	67	0.136735	1	7.9029e-13	0.530778	0.0697189	9.999e-05	4.85085e-09	1.49027e-08	0.000438044	AP
ENSG00000101365.20	3901	1.03358	613.198	192.085	4.06312e-09	chr20:2659842:T:C	-4377	58	59	0.120408	1	3.36062e-10	-0.317279	0.0481964	9.999e-05	1.59211e-06	3.31725e-06	0.000144236	AP
ENSG00000088899.14	3544	1.02874	410.713	190.288	0.000102594	chr20:3173063:G:A	-529	15	15	0.0306122	1	3.07496e-05	0.452797	0.106368	0.0342966	0.0371994	0.0282313	0.000212301	AP
ENSG00000214078.12	2582	1.04176	136.986	181.456	1.16506e-27	chr20:35627312:C:CA	-37644	54	55	0.112245	1	4.73188e-33	-1.13231	0.0794384	9.999e-05	1.44419e-26	2.49352e-25	0.000660914	AP
ENSG00000101470.9	3617	1.04871	343.157	187.701	3.64299e-06	chr20:45859856:A:C	26111	170	216	0.440816	-1	5.6464e-07	0.32333	0.0627154	0.00049995	0.00088314	0.00108231	0.000269218	AP
ENSG00000080189.14	3125	1.03902	490.368	191.625	0.000171533	chr20:45890361:C:T	-474097	23	23	0.0469388	1	5.87636e-05	-0.648996	0.15838	0.0723928	0.0719632	0.0475499	0.000183237	AP
ENSG00000196227.10	3478	1.04037	661.715	194.437	1.6554e-06	chr20:60374464:G:T	440700	10	11	0.022449	1	3.65937e-07	0.583745	0.111272	0.00049995	0.000816959	0.00100804	0.000136325	AP
ENSG00000225978.3	4621	1.0538	782.965	191.775	4.63075e-15	chr20:63103760:A:C	1555	114	122	0.24898	1	5.49059e-17	-0.577786	0.0634565	9.999e-05	8.582e-13	4.235e-12	0.000119724	AP
ENSG00000215386.11	3250	1.08269	450.821	188.235	0.000204326	chr21:16156635:G:A	228339	14	14	0.0285714	1	6.16661e-05	-0.581481	0.142321	0.0644936	0.0695039	0.0463675	0.000225194	AP
ENSG00000159231.5	3985	1.0074	418.48	193.4	1.13194e-13	chr21:36156202:C:G	21290	155	204	0.416327	1	2.74911e-15	-0.420108	0.0493615	9.999e-05	3.96048e-11	1.58742e-10	0.000195452	AP
ENSG00000205581.10	4760	1.0573	461.879	187.476	6.2177e-06	chr21:39349353:C:G	-294	17	18	0.0367347	1	1.03458e-06	0.653205	0.129937	0.00119988	0.00199953	0.00225978	0.000204952	AP
ENSG00000157601.13	4995	1.05649	980.087	194.598	7.29539e-16	chr21:41426138:G:T	5834	84	95	0.193878	1	1.15412e-17	0.716876	0.0767747	9.999e-05	1.43667e-13	7.77886e-13	9.63746e-05	AP
ENSG00000235023.1	4663	1.04392	574.597	188.556	7.74127e-08	chr21:42633785:G:A	-17459	111	134	0.273469	1	6.96979e-09	-0.531562	0.0881823	9.999e-05	2.81011e-05	4.68587e-05	0.000158605	AP
ENSG00000273032.1	2065	1.04418	186.673	186.3	3.27955e-13	chr22:18988309:G:A	-29525	182	242	0.493878	1	2.85165e-15	-0.415659	0.0488713	9.999e-05	2.12479e-11	8.80225e-11	0.000488446	AP
ENSG00000273164.1	2080	1.03854	193.687	188.192	4.04889e-10	chr22:19021099:C:CG	-1957	119	149	0.304082	1	1.52262e-11	-0.416905	0.0585488	9.999e-05	4.10569e-08	1.10505e-07	0.000463174	AP
ENSG00000099937.10	3104	1.04199	493.014	195.924	7.62167e-05	chr22:20689127:T:A	-84752	175	229	0.467347	-1	2.87634e-05	-0.231047	0.0540708	0.030397	0.0315396	0.0246407	0.000183824	AP
ENSG00000169668.11	2237	1.0387	387.74	197.517	8.45249e-05	chr22:20643196:C:T	-459820	60	65	0.132653	-1	3.47342e-05	-0.507224	0.119988	0.0257974	0.0277696	0.0221626	0.000231514	AP
ENSG00000100038.19	3759	1.01649	461.117	193.047	3.73705e-05	chr22:21933490:G:A	-49326	137	165	0.336735	1	1.12184e-05	-0.240053	0.0533914	0.0149985	0.0158653	0.0138743	0.000182331	AP
ENSG00000275004.3	4758	1.06579	556.079	187.144	1.19189e-06	chr22:22484750:A:C	-24404	69	77	0.157143	1	1.47921e-07	0.33047	0.0608403	0.00039996	0.00039761	0.000526101	0.000174322	AP
ENSG00000133519.12	4621	1.05043	597.22	190.62	2.61569e-23	chr22:23402290:C:T	-436	37	40	0.0816327	1	1.51886e-26	1.09125	0.0892573	9.999e-05	1.53184e-21	1.79248e-20	0.000155463	AP
ENSG00000100031.18	3444	1.04525	469.021	192.267	6.46716e-10	chr22:24609020:G:C	25270	31	33	0.0673469	1	4.24675e-11	0.635426	0.0914909	9.999e-05	1.50802e-07	3.71837e-07	0.000195045	AP
ENSG00000183762.12	3114	1.07088	259.118	183.145	7.94442e-07	chr22:29141077:C:G	67999	89	99	0.202041	1	6.67993e-08	0.329369	0.0589095	9.999e-05	0.000109293	0.000162623	0.000379334	AP
ENSG00000100276.9	3264	1.04458	243.015	181.092	2.71919e-06	chr22:29346852:T:C	27173	39	41	0.0836735	1	2.47144e-07	-0.61071	0.114642	0.00019998	0.000467453	0.000608514	0.000375665	AP
ENSG00000100296.13	3228	1.05412	205.003	178.451	0.000330418	chr22:29230526:G:A	-324690	21	22	0.044898	1	6.94192e-05	0.440469	0.108597	0.0545945	0.0552494	0.0387233	0.000457551	AP
ENSG00000100029.17	3057	1.05383	288.82	184.354	0.000124856	chr22:30358049:G:A	-249034	31	33	0.0673469	1	2.88619e-05	0.40099	0.0938598	0.0262974	0.0289159	0.0228924	0.000324536	AP
ENSG00000241878.10	3096	1.07118	133.694	175.05	4.75901e-06	chr22:31778212:A:G	115780	26	27	0.055102	1	3.07484e-07	0.399717	0.0756736	0.00019998	0.000365039	0.000486393	0.000735584	AP
ENSG00000183530.13	3297	1.06684	158.163	174.387	1.8e-05	chr22:31671697:GAAAA:G	-78443	60	67	0.136735	1	1.53152e-06	0.302426	0.0611875	0.00119988	0.00186558	0.00212387	0.000614449	AP
ENSG00000100151.15	3057	1.04549	332.314	187.219	1.52495e-20	chr22:38061322:T:C	5011	99	118	0.240816	-1	9.1106e-24	-0.827483	0.0729388	9.999e-05	8.11723e-19	7.44118e-18	0.000275455	AP
ENSG00000205704.6	3230	1.04371	190.349	179.894	4.85489e-05	chr22:41952351:T:C	186	17	17	0.0346939	-1	7.34396e-06	0.403806	0.0879026	0.00739926	0.00735419	0.00712622	0.000478371	AP
ENSG00000047634.14	1353	1.01362	143.162	187.187	1.6622e-08	chrX:17756987:C:T	19538	22	28	0.0571429	1	1.02239e-09	0.683042	0.10701	9.999e-05	1.98338e-06	4.0797e-06	0.000582089	AP
ENSG00000147041.11	2230	1.04839	211.922	187.722	5.23432e-05	chrX:37870663:T:C	-135919	98	175	0.357143	1	1.24395e-05	-0.162249	0.0362809	0.00649935	0.00868627	0.00822862	0.000435481	AP
ENSG00000156298.12	2221	1.05585	219.86	187.016	4.82217e-07	chrX:38688608:G:A	127238	89	147	0.3	-1	5.10174e-08	0.15745	0.0278948	9.999e-05	6.20523e-05	9.66816e-05	0.000428729	AP
ENSG00000215301.9	1912	1.05286	213.753	188.085	6.40186e-05	chrX:41290262:C:G	-43086	41	67	0.136735	1	1.60095e-05	-0.131546	0.0298098	0.00839916	0.0105834	0.00979897	0.000437268	AP
ENSG00000068438.14	1689	1.07015	125.326	182.236	3.61978e-08	chrX:48481597:C:T	5576	71	113	0.230612	1	1.54156e-09	0.218695	0.0346687	9.999e-05	1.85551e-06	3.83264e-06	0.000782447	AP
ENSG00000102109.8	1255	1.05467	97.8159	182.953	8.55864e-10	chrX:48841487:C:T	5854	68	119	0.242857	1	1.9086e-11	-0.228939	0.0323259	9.999e-05	3.35403e-08	9.12356e-08	0.000960047	AP
ENSG00000102390.10	2895	1.03278	44.9002	178.558	0.00173222	chrX:76470263:A:AT	297327	99	174	0.355102	1	0.000519992	0.170287	0.0483411	0.0653935	0.0678891	0.0455363	0.00196277	AP
ENSG00000281091.2	1664	1.03463	104.41	180.814	4.70777e-14	chrX:103460933:C:T	56156	104	171	0.34898	-1	1.04307e-16	-0.428007	0.047509	9.999e-05	1.96548e-12	9.30249e-12	0.000849281	AP
ENSG00000101842.13	1636	1.05672	89.19	181.424	1.35269e-12	chrX:107975527:C:T	-69443	40	66	0.134694	1	6.69003e-15	0.517158	0.0617645	9.999e-05	3.22242e-11	1.30787e-10	0.00105891	AP
ENSG00000261409.1	1887	1.01951	43.624	183.958	0.000435641	chrX:108353100:A:G	-371844	12	19	0.0387755	1	0.000123661	0.658974	0.168586	0.0145985	0.0172849	0.0149237	0.00194271	AP
ENSG00000101901.11	1572	1.04165	136.846	181.498	0.000214291	chrX:111906688:TTG:T	240877	112	204	0.416327	-1	4.76295e-05	0.210339	0.0506858	0.0214979	0.0244983	0.02	0.000661381	AP
ENSG00000147394.18	1906	1.03619	237.986	189.882	4.42763e-06	chrX:152947039:T:C	32597	19	29	0.0591837	1	8.20253e-07	-0.52136	0.102699	0.00069993	0.000809009	0.000999228	0.000374419	AP
ENSG00000154511.11	2397	1.04788	124.449	181.595	5.59329e-05	chr1:92827506:G:A	-134016	144	168	0.342857	1	9.60203e-06	-0.175999	0.0388335	0.00459954	0.00535571	0.00539581	0.000740324	No AP
ENSG00000225938.1	3694	1.04005	313.214	185.434	2.18719e-05	chr1:101235925:T:C	-603	150	187	0.381633	1	3.94914e-06	-0.364587	0.0770129	0.00559944	0.00549528	0.00551916	0.00028771	No AP
ENSG00000238118.1	3168	1.03029	276.732	189.775	5.38491e-05	chr1:108321758:A:C	-99537	34	35	0.0714286	1	1.43244e-05	-0.685538	0.154435	0.0117988	0.0128522	0.0115783	0.000316504	No AP
ENSG00000143458.11	2312	1.05767	173.43	182.878	1.35127e-11	chr1:151071113:G:A	535	32	32	0.0653061	1	1.33629e-13	0.724461	0.0916968	9.999e-05	7.26381e-10	2.47031e-09	0.000546245	No AP
ENSG00000135862.5	3255	1.0508	262.498	187.23	0.000206924	chr1:183319456:G:A	295996	41	47	0.0959184	1	5.97863e-05	0.289146	0.0706368	0.0419958	0.0445706	0.0326061	0.000354018	No AP
ENSG00000143811.17	2608	1.06417	259.049	183.851	8.83549e-05	chr1:225946771:C:T	22431	26	28	0.0571429	1	1.87025e-05	-0.409516	0.0935804	0.0144986	0.0172571	0.0149031	0.00037246	No AP
ENSG00000143643.12	4038	1.03908	426.409	186.588	5.34754e-08	chr1:230956962:T:C	-21913	41	45	0.0918367	1	3.7691e-09	0.515206	0.0838667	9.999e-05	1.47638e-05	2.59815e-05	0.000210754	No AP
ENSG00000279191.1	2569	1.03921	373.667	192.363	8.24995e-06	chr2:111414247:G:C	89435	28	30	0.0612245	1	1.9549e-06	-0.587751	0.120207	0.00179982	0.00241218	0.00266713	0.000240586	No AP
ENSG00000144283.21	4315	1.0631	316.487	180.718	0.000142886	chr2:157976592:C:T	-480372	11	11	0.022449	1	2.81913e-05	0.737426	0.172381	0.0319968	0.0353478	0.0271178	0.000303975	No AP
ENSG00000171951.4	3730	1.05195	424.089	193.058	4.26372e-06	chr2:223848189:A:G	245686	165	204	0.416327	1	9.67982e-07	0.158367	0.0314139	0.00149985	0.00127193	0.00150523	0.000219865	No AP
ENSG00000091317.7	3802	1.05281	485.271	188.267	9.37367e-05	chr3:32340412:C:T	-162996	27	29	0.0591837	-1	2.51089e-05	0.396573	0.0921025	0.0355964	0.0368885	0.0280624	0.000192618	No AP
ENSG00000178057.14	1374	1.05971	66.7066	178.697	0.000308841	chr3:49082607:A:G	62148	82	96	0.195918	1	6.47022e-05	0.219232	0.0538169	0.0144986	0.0157562	0.0137886	0.0014273	No AP
ENSG00000114115.9	3127	1.06703	281.053	185.049	8.6021e-13	chr3:139546527:A:T	6698	79	81	0.165306	1	7.18345e-15	0.689267	0.0824285	9.999e-05	5.31968e-11	2.09591e-10	0.000346042	No AP
ENSG00000138722.9	3480	1.06469	212.535	179.627	4.44783e-06	chr4:89759484:C:T	-120048	13	13	0.0265306	1	4.0075e-07	0.778968	0.149022	0.00049995	0.000585238	0.000743803	0.0004546	No AP
ENSG00000182168.14	4243	1.04215	503.285	190.192	5.33662e-05	chr4:95196564:G:A	-352642	160	210	0.428571	-1	1.44884e-05	-0.164604	0.0371036	0.0217978	0.0223343	0.0185088	0.000180156	No AP
ENSG00000272777.1	4054	1.03911	281.882	183.904	0.000135924	chr4:99084053:A:G	15928	36	36	0.0734694	1	3.11969e-05	0.542986	0.12766	0.029897	0.0325221	0.0252959	0.000318815	No AP
ENSG00000109654.14	3437	1.05813	464.916	187.818	4.32665e-09	chr4:153295558:G:A	143216	164	217	0.442857	-1	2.28212e-10	-0.146016	0.0219516	9.999e-05	9.1467e-07	1.98622e-06	0.000204088	No AP
ENSG00000170088.13	5058	1.04159	583.229	194.662	1.36708e-06	chr4:165112974:C:T	-95575	77	89	0.181633	1	2.99909e-07	-0.378048	0.0715014	0.00059994	0.000581741	0.000739867	0.000155214	No AP
ENSG00000250198.1	4722	1.05533	462.358	190.983	1.02356e-05	chr5:8829076:C:T	-10656	162	202	0.412245	1	2.2958e-06	0.23478	0.0483654	0.00329967	0.00342641	0.00363813	0.000203607	No AP
ENSG00000152413.14	3038	1.06676	348.253	185.327	0.000121517	chr5:79541528:C:T	27311	99	115	0.234694	1	2.93466e-05	0.133682	0.0313204	0.029697	0.0325525	0.0253116	0.000279076	No AP
ENSG00000246859.2	3639	1.05123	345.889	183.969	0.000251892	chr5:111470074:G:A	-42152	109	137	0.279592	1	6.48264e-05	0.305677	0.0750463	0.0684932	0.071931	0.0475371	0.000269013	No AP
ENSG00000172568.4	3834	1.05706	302.719	185.262	0.000182797	chr5:157383064:C:T	37343	29	31	0.0632653	1	4.72219e-05	-0.458092	0.110331	0.0424958	0.0444782	0.0325706	0.000312471	No AP
ENSG00000155111.14	3410	1.07881	265.239	180.172	0.000313078	chr6:110992517:A:G	176559	73	83	0.169388	1	7.04885e-05	0.235855	0.0582047	0.060394	0.0631443	0.0429725	0.000378703	No AP
ENSG00000111962.7	4273	1.06073	634.991	190.684	1.14176e-19	chr6:148771322:A:G	23994	138	175	0.357143	1	2.32293e-22	-0.477053	0.0437955	9.999e-05	7.38821e-18	6.12134e-17	0.000150525	No AP
ENSG00000146426.17	3806	1.06089	612.973	190.117	0.00011445	chr6:155138251:C:G	305554	15	17	0.0346939	1	3.4563e-05	-0.549712	0.130002	0.0556944	0.0560472	0.0391569	0.000156001	No AP
ENSG00000161048.11	2726	1.06396	194.018	181.787	2.43413e-10	chr7:103155504:T:C	5944	91	111	0.226531	-1	3.63847e-12	0.324157	0.0440354	9.999e-05	1.56086e-08	4.47248e-08	0.00049696	No AP
ENSG00000120899.17	4496	1.05747	300.543	180.162	5.48046e-05	chr8:27435818:G:T	124336	88	103	0.210204	1	8.63347e-06	0.173167	0.0380028	0.0107989	0.0125783	0.0113606	0.000315095	No AP
ENSG00000198363.16	3466	1.053	224.869	182.375	1.41847e-05	chr8:61440164:T:C	-274476	14	14	0.0285714	1	1.95506e-06	0.632196	0.129297	0.00159984	0.00229445	0.00255182	0.000415824	No AP
ENSG00000173253.15	6683	1.04976	1006.12	191.529	4.38393e-06	chr9:1057318:A:G	7460	125	152	0.310204	-1	9.04274e-07	0.269363	0.0532776	0.0029997	0.00328741	0.00350561	9.21096e-05	No AP
ENSG00000171448.8	2618	1.06435	295.064	185.519	2.75294e-05	chr9:123075058:C:T	143558	17	18	0.0367347	1	5.19882e-06	0.649799	0.139075	0.00519948	0.00576827	0.00575045	0.000327174	No AP
ENSG00000054148.17	3390	1.06169	457.868	187.112	4.349e-05	chr9:136642300:T:C	-206424	27	27	0.055102	-1	9.70631e-06	-0.333427	0.0736098	0.0145985	0.0150638	0.0132658	0.000209305	No AP
ENSG00000099256.18	3417	1.04379	322.101	185.209	2.5669e-05	chr10:24851482:G:C	-101122	161	208	0.42449	1	4.70226e-06	-0.163185	0.0347576	0.0059994	0.00654776	0.00642889	0.000282804	No AP
ENSG00000151151.5	3654	1.04525	226.808	184.664	3.78836e-05	chr10:58137772:C:A	-130162	49	51	0.104082	1	7.20011e-06	0.317562	0.0690606	0.00479952	0.00676351	0.00662054	0.000403274	No AP
ENSG00000052749.13	3238	1.05829	414.981	187.198	1.04827e-25	chr10:97399877:T:C	-26199	157	197	0.402041	1	8.3871e-30	0.511218	0.0385961	9.999e-05	2.10867e-24	3.13006e-23	0.000228745	No AP
ENSG00000110786.17	4020	1.05867	410.253	187.807	0.000158867	chr11:18746521:C:T	-46200	152	191	0.389796	1	4.52012e-05	-0.174052	0.0418116	0.0507949	0.0523412	0.0370786	0.000231627	No AP
ENSG00000049449.8	2698	1.04626	257.208	184.343	0.000245895	chr11:32091808:C:A	279417	113	136	0.277551	1	6.41032e-05	-0.156661	0.0384352	0.0509949	0.0528329	0.0373555	0.000356652	No AP
ENSG00000110042.7	3086	1.04686	182.004	186.685	1.71085e-12	chr11:59189863:G:C	18433	29	31	0.0632653	1	2.10475e-14	0.940637	0.114798	9.999e-05	1.09391e-10	4.1467e-10	0.00050483	No AP
ENSG00000151376.16	4469	1.05905	287.135	182.332	8.63202e-06	chr11:86685888:C:T	13252	15	15	0.0306122	1	1.07794e-06	-0.61364	0.122281	0.00169983	0.00169239	0.00194773	0.00033127	No AP
ENSG00000064102.14	3897	1.07545	260.935	179.884	0.000104338	chr12:26875535:G:A	-62791	177	229	0.467347	1	1.84818e-05	-0.201851	0.0460962	0.0181982	0.0197803	0.0167024	0.000381441	No AP
ENSG00000171310.10	3779	1.04542	442.532	188.984	9.05062e-05	chr12:104387062:C:T	-68233	34	36	0.0734694	1	2.49864e-05	-0.324649	0.0753779	0.0308969	0.0332443	0.0257656	0.000206818	No AP
ENSG00000135093.12	3242	1.02407	319.688	187.872	0.000247116	chr12:109030698:C:A	7609	115	147	0.3	1	7.55838e-05	0.234827	0.0582037	0.0679932	0.0707002	0.0469548	0.000269	No AP
ENSG00000135108.14	3726	1.06265	476.67	185.819	9.45483e-05	chr12:116884663:A:G	-305868	29	34	0.0693878	1	2.24214e-05	0.279027	0.0643973	0.0316968	0.0352776	0.0270724	0.000201589	No AP
ENSG00000188735.12	3152	1.0398	302.383	186.877	4.06662e-06	chr12:121729989:G:A	17237	162	216	0.440816	1	6.06117e-07	0.168086	0.0326978	0.00049995	0.000925086	0.0011296	0.000297798	No AP
ENSG00000100483.13	2827	1.05126	220.327	181.199	2.32824e-13	chr14:50190105:A:G	73505	20	20	0.0408163	1	7.71995e-16	1.00817	0.115806	9.999e-05	1.48923e-11	6.29253e-11	0.000422306	No AP
ENSG00000033170.16	2939	1.06306	267.231	182.814	1.81137e-08	chr14:65373848:A:G	-36744	53	59	0.120408	-1	7.16208e-10	0.318604	0.0494157	9.999e-05	2.17583e-06	4.43736e-06	0.000359947	No AP
ENSG00000100697.14	5121	1.02194	887.202	195.325	6.67434e-06	chr14:95113992:G:A	-44018	52	59	0.120408	1	1.84575e-06	0.283495	0.0578321	0.00549945	0.00522605	0.00527451	9.63284e-05	No AP
ENSG00000156414.18	3805	1.06312	362.54	184.92	5.05307e-07	chr14:103900039:C:A	-28423	88	100	0.204082	1	4.53012e-08	0.373962	0.06598	0.00019998	0.000103491	0.000154924	0.000265384	No AP
ENSG00000262488.1	4869	1.04642	647.39	189.561	2.18614e-05	chr16:11133582:T:C	292038	163	210	0.428571	1	5.03047e-06	-0.398773	0.0852128	0.00909909	0.0112996	0.0103752	0.000141786	No AP
ENSG00000133028.10	3629	1.02689	539.996	195.122	3.02149e-26	chr17:10695977:A:C	-2398	177	225	0.459184	1	2.9049e-29	0.696409	0.0532535	9.999e-05	3.93428e-24	5.72523e-23	0.0001606	No AP
ENSG00000182481.8	3640	1.05881	420.485	186.022	5.44352e-09	chr17:68022389:T:C	-13130	153	214	0.436735	-1	2.44789e-10	0.279915	0.0421603	9.999e-05	1.03913e-06	2.23552e-06	0.00022608	No AP
ENSG00000035862.12	5080	1.04886	992.251	193.122	2.17708e-05	chr17:78758186:A:C	-167201	21	21	0.0428571	1	6.12212e-06	-0.453115	0.0977537	0.0146985	0.0173399	0.0149586	9.31578e-05	No AP
ENSG00000115286.19	4036	1.04423	909.25	194.159	1.03145e-06	chr19:1388321:G:A	4794	148	179	0.365306	-1	2.10956e-07	0.246391	0.0459724	0.00059994	0.000675498	0.000848185	0.000100323	No AP
ENSG00000267106.5	4166	1.04057	367.954	188.011	6.52236e-05	chr19:9677081:G:A	55790	110	141	0.287755	-1	1.62951e-05	0.387569	0.0879104	0.0180982	0.0200231	0.0168767	0.000245284	No AP
ENSG00000149488.12	3889	1.07491	524.171	186.931	1.86022e-07	chr20:2536731:A:G	124	180	240	0.489796	-1	1.66785e-08	-0.394082	0.0672271	9.999e-05	4.72119e-05	7.53828e-05	0.000189635	No AP
ENSG00000223891.5	3346	1.06251	540.047	191.411	7.49916e-08	chr20:44218781:C:G	7821	68	78	0.159184	1	8.69986e-09	0.334161	0.055823	9.999e-05	2.09339e-05	3.58765e-05	0.000177866	No AP
ENSG00000092758.15	4795	1.05466	840.076	193.165	1.8578e-07	chr20:62778782:A:G	-37462	38	43	0.0877551	1	2.83157e-08	-0.369663	0.0641813	9.999e-05	9.43564e-05	0.000142169	0.000111857	No AP
ENSG00000160307.9	2646	1.06494	161.678	175.991	1.21242e-08	chr21:46605184:A:G	-24	101	115	0.234694	-1	2.04487e-10	0.265249	0.0397608	9.999e-05	8.11351e-07	1.7775e-06	0.000597941	No AP
ENSG00000186716.19	4744	1.04426	691.301	194.33	1.05725e-17	chr22:23305822:G:A	126118	182	243	0.495918	-1	9.33963e-20	-0.359181	0.0357731	9.999e-05	1.69722e-15	1.13665e-14	0.000131961	No AP
ENSG00000100399.15	2797	1.04589	140.832	179.092	3.62566e-06	chr22:41233891:T:G	-7043	44	49	0.1	1	3.00435e-07	-0.315313	0.0596402	0.00029997	0.000353387	0.000472568	0.000650538	No AP
ENSG00000247746.4	1757	1.01627	53.9184	181.242	0.00107944	chrX:55926596:C:T	437394	41	72	0.146939	1	0.000325359	-0.203754	0.0557901	0.0518948	0.0536333	0.0378188	0.00155701	No AP
