gene_id	tissue
ENSG00000176165.10	Caudate
ENSG00000225349.2	Caudate
ENSG00000186462.8	Caudate
ENSG00000257185.1	Caudate
ENSG00000279573.1	Caudate
ENSG00000278876.1	Caudate
ENSG00000168280.16	Caudate
ENSG00000267346.1	Caudate
ENSG00000205981.6	Caudate
ENSG00000188566.12	Caudate
ENSG00000213190.3	Caudate
ENSG00000241343.9	Caudate
ENSG00000261574.1	Caudate
ENSG00000213865.7	Caudate
ENSG00000279766.1	Caudate
ENSG00000265043.1	Caudate
ENSG00000166170.9	Caudate
ENSG00000184304.14	Caudate
ENSG00000154370.14	Caudate
ENSG00000169682.17	Caudate
ENSG00000074319.12	Caudate
ENSG00000273597.1	Caudate
ENSG00000256973.1	Caudate
ENSG00000213790.2	Caudate
ENSG00000258957.1	Caudate
ENSG00000261291.1	Caudate
ENSG00000006116.3	Caudate
ENSG00000213062.4	Caudate
ENSG00000229622.1	Caudate
ENSG00000173546.7	Caudate
ENSG00000231496.1	Caudate
ENSG00000224631.4	Caudate
ENSG00000206448.3	Caudate
ENSG00000249493.1	Caudate
ENSG00000185220.11	Caudate
ENSG00000162227.7	Caudate
ENSG00000159212.12	Caudate
ENSG00000227598.1	Caudate
ENSG00000184574.9	Caudate
ENSG00000174886.12	Caudate
ENSG00000205213.13	Caudate
ENSG00000225479.1	Caudate
ENSG00000099203.6	Caudate
ENSG00000259377.1	Caudate
ENSG00000214903.4	Caudate
ENSG00000279948.1	Caudate
ENSG00000248221.1	Caudate
ENSG00000260018.1	Caudate
ENSG00000126945.8	Caudate
ENSG00000198324.13	Caudate
ENSG00000231738.10	Caudate
ENSG00000248546.3	Caudate
ENSG00000232036.2	Caudate
ENSG00000049769.12	Caudate
ENSG00000051180.16	Caudate
ENSG00000274093.1	Caudate
ENSG00000250397.2	Caudate
ENSG00000243364.7	Caudate
ENSG00000258920.1	Caudate
ENSG00000279649.1	Caudate
ENSG00000224707.1	Caudate
ENSG00000178896.7	Caudate
ENSG00000164076.16	Caudate
ENSG00000215057.4	Caudate
ENSG00000179420.11	Caudate
ENSG00000274292.1	Caudate
ENSG00000243155.1	Caudate
ENSG00000108821.13	Caudate
ENSG00000273557.1	Caudate
ENSG00000166225.8	Caudate
ENSG00000141582.14	Caudate
ENSG00000116251.9	Caudate
ENSG00000181524.6	Caudate
ENSG00000261187.1	Caudate
ENSG00000178177.15	Caudate
ENSG00000237280.1	Caudate
ENSG00000110711.9	Caudate
ENSG00000279576.1	Caudate
ENSG00000176731.11	Caudate
ENSG00000105697.7	Caudate
ENSG00000261596.2	Caudate
ENSG00000274964.1	Caudate
ENSG00000264176.1	Caudate
ENSG00000266962.2	Caudate
ENSG00000269210.2	Caudate
ENSG00000143507.17	Caudate
ENSG00000263307.1	Caudate
ENSG00000223416.3	Caudate
ENSG00000185129.5	Caudate
ENSG00000279283.1	Caudate
ENSG00000261624.1	Caudate
ENSG00000137522.17	Caudate
ENSG00000087903.12	Caudate
ENSG00000282915.1	Caudate
ENSG00000164244.20	Caudate
ENSG00000120051.14	Caudate
ENSG00000229587.2	Caudate
ENSG00000256571.1	Caudate
ENSG00000233644.1	Caudate
ENSG00000254017.1	Caudate
ENSG00000013297.10	Caudate
ENSG00000139915.18	Caudate
ENSG00000078668.13	Caudate
ENSG00000163625.15	Caudate
ENSG00000266208.1	Caudate
ENSG00000120533.12	Caudate
ENSG00000172409.5	Caudate
ENSG00000105993.14	Caudate
ENSG00000232311.1	Caudate
ENSG00000167701.13	Caudate
ENSG00000004975.11	Caudate
ENSG00000273792.1	Caudate
ENSG00000105204.13	Caudate
ENSG00000106330.11	Caudate
ENSG00000121486.11	Caudate
ENSG00000251468.2	Caudate
ENSG00000249240.2	Caudate
ENSG00000004766.15	Caudate
ENSG00000275092.1	Caudate
ENSG00000065029.14	Caudate
ENSG00000187479.5	Caudate
ENSG00000268027.5	Caudate
ENSG00000101844.17	Caudate
ENSG00000250889.2	Caudate
ENSG00000171189.17	Caudate
ENSG00000154640.14	Caudate
ENSG00000179085.7	Caudate
ENSG00000144227.4	Caudate
ENSG00000253878.5	Caudate
ENSG00000166619.12	Caudate
ENSG00000231125.2	Caudate
ENSG00000174948.5	Caudate
ENSG00000138356.13	Caudate
ENSG00000113361.12	Caudate
ENSG00000169933.12	Caudate
ENSG00000142751.14	Caudate
ENSG00000142327.11	Caudate
ENSG00000250410.1	Caudate
ENSG00000258584.1	Caudate
ENSG00000172575.11	Caudate
ENSG00000273350.1	Caudate
ENSG00000157168.18	Caudate
ENSG00000040608.13	Caudate
ENSG00000103460.16	Caudate
ENSG00000038358.14	Caudate
ENSG00000275557.1	Caudate
ENSG00000213250.5	Caudate
ENSG00000183199.6	Caudate
ENSG00000113368.11	Caudate
ENSG00000101438.3	Caudate
ENSG00000258377.1	Caudate
ENSG00000104327.7	Caudate
ENSG00000213942.3	Caudate
ENSG00000279527.1	Caudate
ENSG00000198673.10	Caudate
ENSG00000279781.1	Caudate
ENSG00000260954.1	Caudate
ENSG00000277440.1	Caudate
ENSG00000146066.2	Caudate
ENSG00000003147.17	Caudate
ENSG00000218596.2	Caudate
ENSG00000197057.8	Caudate
ENSG00000260971.3	Caudate
ENSG00000213465.7	Caudate
ENSG00000231842.1	Caudate
ENSG00000188277.9	Caudate
ENSG00000126107.14	Caudate
ENSG00000259767.1	Caudate
ENSG00000134853.11	Caudate
ENSG00000280406.1	Caudate
ENSG00000167771.5	Caudate
ENSG00000260452.1	Caudate
ENSG00000117419.14	Caudate
ENSG00000167447.12	Caudate
ENSG00000224533.4	Caudate
ENSG00000137970.7	Caudate
ENSG00000214465.3	Caudate
ENSG00000184916.8	Caudate
ENSG00000179833.4	Caudate
ENSG00000179262.9	Caudate
ENSG00000176635.17	Caudate
ENSG00000114353.16	Caudate
ENSG00000279880.1	Caudate
ENSG00000272886.5	Caudate
ENSG00000165209.18	Caudate
ENSG00000156860.15	Caudate
ENSG00000152193.7	Caudate
ENSG00000271200.1	Caudate
ENSG00000236496.2	Caudate
ENSG00000174327.6	Caudate
ENSG00000161594.6	Caudate
ENSG00000186376.14	Caudate
ENSG00000123612.15	Caudate
ENSG00000268231.1	Caudate
ENSG00000234617.1	Caudate
ENSG00000118513.18	Caudate
ENSG00000122641.10	Caudate
ENSG00000273149.1	Caudate
ENSG00000248121.8	Caudate
ENSG00000135486.17	Caudate
ENSG00000275485.1	Caudate
ENSG00000265356.2	Caudate
ENSG00000092051.16	Caudate
ENSG00000182973.18	Caudate
ENSG00000267778.1	Caudate
ENSG00000165061.14	Caudate
ENSG00000075914.12	Caudate
ENSG00000126947.12	Caudate
ENSG00000176444.18	Caudate
ENSG00000236886.2	Caudate
ENSG00000162813.17	Caudate
ENSG00000162236.11	Caudate
ENSG00000158445.9	Caudate
ENSG00000271009.2	Caudate
ENSG00000246528.3	Caudate
ENSG00000251192.7	Caudate
ENSG00000253476.1	Caudate
ENSG00000120149.8	Caudate
ENSG00000179091.4	Caudate
ENSG00000279829.1	Caudate
ENSG00000267298.1	Caudate
ENSG00000226758.1	Caudate
ENSG00000132781.17	Caudate
ENSG00000153162.8	Caudate
ENSG00000273183.1	Caudate
ENSG00000226056.1	Caudate
ENSG00000167244.18	Caudate
ENSG00000143479.15	Caudate
ENSG00000270557.1	Caudate
ENSG00000277039.1	Caudate
ENSG00000258539.1	Caudate
ENSG00000279752.1	Caudate
ENSG00000270069.1	Caudate
ENSG00000239570.1	Caudate
ENSG00000254639.1	Caudate
ENSG00000244363.3	Caudate
ENSG00000259554.1	Caudate
ENSG00000254783.1	Caudate
ENSG00000135940.6	Caudate
ENSG00000177736.4	Caudate
ENSG00000257835.1	Caudate
ENSG00000214077.4	Caudate
ENSG00000136997.15	Caudate
ENSG00000155849.15	Caudate
ENSG00000112245.9	Caudate
ENSG00000196497.15	Caudate
ENSG00000243986.2	Caudate
ENSG00000143228.12	Caudate
ENSG00000136738.14	Caudate
ENSG00000070087.13	Caudate
ENSG00000143553.10	Caudate
ENSG00000103253.17	Caudate
ENSG00000135637.13	Caudate
ENSG00000182899.14	Caudate
ENSG00000158290.16	Caudate
ENSG00000161914.9	Caudate
ENSG00000231515.1	Caudate
ENSG00000225991.1	Caudate
ENSG00000186517.13	Caudate
ENSG00000102554.13	Caudate
ENSG00000176994.10	Caudate
ENSG00000224822.1	Caudate
ENSG00000213997.3	Caudate
ENSG00000258337.1	Caudate
ENSG00000279613.1	Caudate
ENSG00000258777.1	Caudate
ENSG00000102898.11	Caudate
ENSG00000182700.4	Caudate
ENSG00000159753.13	Caudate
ENSG00000170190.15	Caudate
ENSG00000175564.12	Caudate
ENSG00000271789.1	Caudate
ENSG00000251557.2	Caudate
ENSG00000121644.18	Caudate
ENSG00000248228.1	Caudate
ENSG00000049540.16	Caudate
ENSG00000168539.3	Caudate
ENSG00000229715.4	Caudate
ENSG00000239268.2	Caudate
ENSG00000114395.10	Caudate
ENSG00000166181.12	Caudate
ENSG00000264895.1	Caudate
ENSG00000243370.3	Caudate
ENSG00000162735.18	Caudate
ENSG00000118985.15	Caudate
ENSG00000240265.1	Caudate
ENSG00000177432.6	Caudate
ENSG00000143171.12	Caudate
ENSG00000279013.1	Caudate
ENSG00000213033.4	Caudate
ENSG00000260417.1	Caudate
ENSG00000204850.4	Caudate
ENSG00000163462.17	Caudate
ENSG00000236801.1	Caudate
ENSG00000213189.5	Caudate
ENSG00000250506.6	Caudate
ENSG00000269653.1	Caudate
ENSG00000172995.16	Caudate
ENSG00000134243.11	Caudate
ENSG00000270076.1	Caudate
ENSG00000201581.1	Caudate
ENSG00000239280.1	Caudate
ENSG00000168282.5	Caudate
ENSG00000237738.1	Caudate
ENSG00000129654.7	Caudate
ENSG00000198910.12	Caudate
ENSG00000273249.1	Caudate
ENSG00000096070.19	Caudate
ENSG00000172425.10	Caudate
ENSG00000225673.3	Caudate
ENSG00000230177.1	Caudate
ENSG00000275835.4	Caudate
ENSG00000197696.9	Caudate
ENSG00000091009.7	DLPFC
ENSG00000197746.13	DLPFC
ENSG00000066455.12	DLPFC
ENSG00000213185.6	DLPFC
ENSG00000086015.20	DLPFC
ENSG00000197050.10	DLPFC
ENSG00000258101.2	DLPFC
ENSG00000234975.6	DLPFC
ENSG00000167476.10	DLPFC
ENSG00000141933.9	DLPFC
ENSG00000264112.1	DLPFC
ENSG00000235665.5	DLPFC
ENSG00000262119.1	DLPFC
ENSG00000224945.1	DLPFC
ENSG00000116747.12	DLPFC
ENSG00000226465.1	DLPFC
ENSG00000162552.14	DLPFC
ENSG00000164512.17	DLPFC
ENSG00000137574.10	DLPFC
ENSG00000140474.12	DLPFC
ENSG00000164542.12	DLPFC
ENSG00000255355.1	DLPFC
ENSG00000123144.10	DLPFC
ENSG00000152894.14	DLPFC
ENSG00000254579.1	DLPFC
ENSG00000279221.1	DLPFC
ENSG00000259780.3	DLPFC
ENSG00000158050.4	DLPFC
ENSG00000262902.1	DLPFC
ENSG00000266922.1	DLPFC
ENSG00000256674.1	DLPFC
ENSG00000090060.17	DLPFC
ENSG00000261067.6	DLPFC
ENSG00000197223.11	DLPFC
ENSG00000224982.3	DLPFC
ENSG00000231246.1	DLPFC
ENSG00000104967.6	DLPFC
ENSG00000112695.11	DLPFC
ENSG00000054118.13	DLPFC
ENSG00000200783.1	DLPFC
ENSG00000234841.4	DLPFC
ENSG00000278886.1	DLPFC
ENSG00000116514.16	DLPFC
ENSG00000005810.17	DLPFC
ENSG00000115234.10	DLPFC
ENSG00000178409.13	DLPFC
ENSG00000256211.1	DLPFC
ENSG00000175886.10	DLPFC
ENSG00000248729.1	DLPFC
ENSG00000259957.2	DLPFC
ENSG00000277258.4	DLPFC
ENSG00000163960.11	DLPFC
ENSG00000139517.7	DLPFC
ENSG00000173557.14	DLPFC
ENSG00000235078.1	DLPFC
ENSG00000259782.2	DLPFC
ENSG00000167522.14	DLPFC
ENSG00000134595.8	DLPFC
ENSG00000162613.16	DLPFC
ENSG00000134480.13	DLPFC
ENSG00000080493.14	DLPFC
ENSG00000213337.8	DLPFC
ENSG00000283078.1	DLPFC
ENSG00000196642.17	DLPFC
ENSG00000254272.1	DLPFC
ENSG00000197182.13	DLPFC
ENSG00000259290.1	DLPFC
ENSG00000143344.15	DLPFC
ENSG00000099985.3	DLPFC
ENSG00000271824.1	DLPFC
ENSG00000105223.19	DLPFC
ENSG00000276663.1	DLPFC
ENSG00000217612.2	DLPFC
ENSG00000204315.3	DLPFC
ENSG00000135047.14	DLPFC
ENSG00000116711.9	DLPFC
ENSG00000163026.11	DLPFC
ENSG00000131831.17	DLPFC
ENSG00000034510.5	DLPFC
ENSG00000148737.16	DLPFC
ENSG00000100354.20	DLPFC
ENSG00000099250.17	DLPFC
ENSG00000278979.1	DLPFC
ENSG00000134602.15	DLPFC
ENSG00000180340.6	DLPFC
ENSG00000180938.5	DLPFC
ENSG00000174482.10	DLPFC
ENSG00000197299.10	DLPFC
ENSG00000122741.15	DLPFC
ENSG00000228043.5	DLPFC
ENSG00000166862.6	DLPFC
ENSG00000158552.12	DLPFC
ENSG00000160097.15	DLPFC
ENSG00000106701.11	DLPFC
ENSG00000163888.3	DLPFC
ENSG00000123143.12	DLPFC
ENSG00000120690.14	DLPFC
ENSG00000186907.7	DLPFC
ENSG00000006128.11	DLPFC
ENSG00000176692.5	DLPFC
ENSG00000227911.3	DLPFC
ENSG00000269815.1	DLPFC
ENSG00000184270.4	DLPFC
ENSG00000163939.18	DLPFC
ENSG00000068724.15	DLPFC
ENSG00000133619.17	DLPFC
ENSG00000006638.11	DLPFC
ENSG00000132639.12	DLPFC
ENSG00000090020.10	DLPFC
ENSG00000233287.1	DLPFC
ENSG00000120903.12	DLPFC
ENSG00000164270.17	DLPFC
ENSG00000280173.1	DLPFC
ENSG00000233384.2	DLPFC
ENSG00000258561.1	DLPFC
ENSG00000183648.9	DLPFC
ENSG00000011347.9	DLPFC
ENSG00000275191.1	DLPFC
ENSG00000267747.1	DLPFC
ENSG00000270170.1	DLPFC
ENSG00000234883.4	DLPFC
ENSG00000103035.10	DLPFC
ENSG00000149932.16	DLPFC
ENSG00000239636.1	DLPFC
ENSG00000145494.11	DLPFC
ENSG00000262380.1	DLPFC
ENSG00000272308.1	DLPFC
ENSG00000145934.16	DLPFC
ENSG00000229544.8	DLPFC
ENSG00000183340.6	DLPFC
ENSG00000223930.5	DLPFC
ENSG00000268205.1	DLPFC
ENSG00000153234.13	DLPFC
ENSG00000223599.1	DLPFC
ENSG00000139990.17	DLPFC
ENSG00000051382.8	DLPFC
ENSG00000153922.10	DLPFC
ENSG00000229808.1	DLPFC
ENSG00000204655.11	DLPFC
ENSG00000198369.9	DLPFC
ENSG00000171631.14	DLPFC
ENSG00000107874.10	DLPFC
ENSG00000143624.13	DLPFC
ENSG00000112473.17	DLPFC
ENSG00000213376.4	DLPFC
ENSG00000120705.12	DLPFC
ENSG00000203737.3	DLPFC
ENSG00000170426.1	DLPFC
ENSG00000119777.18	DLPFC
ENSG00000267082.1	DLPFC
ENSG00000170473.16	DLPFC
ENSG00000236438.7	DLPFC
ENSG00000253137.1	DLPFC
ENSG00000252690.3	DLPFC
ENSG00000035928.14	DLPFC
ENSG00000165280.15	DLPFC
ENSG00000172586.7	DLPFC
ENSG00000135482.6	DLPFC
ENSG00000109118.13	DLPFC
ENSG00000242412.1	DLPFC
ENSG00000164128.6	DLPFC
ENSG00000259585.2	DLPFC
ENSG00000173786.16	DLPFC
ENSG00000127580.15	DLPFC
ENSG00000159377.10	DLPFC
ENSG00000116350.16	DLPFC
ENSG00000248394.1	DLPFC
ENSG00000149243.15	DLPFC
ENSG00000141905.17	DLPFC
ENSG00000196862.9	DLPFC
ENSG00000253438.2	DLPFC
ENSG00000063244.12	DLPFC
ENSG00000183496.5	DLPFC
ENSG00000257918.1	DLPFC
ENSG00000048828.16	DLPFC
ENSG00000272465.1	DLPFC
ENSG00000135655.14	DLPFC
ENSG00000111641.11	DLPFC
ENSG00000166342.18	DLPFC
ENSG00000091039.16	DLPFC
ENSG00000279771.1	DLPFC
ENSG00000255371.1	DLPFC
ENSG00000242419.5	DLPFC
ENSG00000167779.7	DLPFC
ENSG00000004059.10	DLPFC
ENSG00000226360.5	DLPFC
ENSG00000160051.11	DLPFC
ENSG00000182224.11	DLPFC
ENSG00000175768.12	DLPFC
ENSG00000186994.11	DLPFC
ENSG00000126821.7	DLPFC
ENSG00000005339.14	DLPFC
ENSG00000126653.16	DLPFC
ENSG00000280198.1	DLPFC
ENSG00000144029.11	DLPFC
ENSG00000197045.12	DLPFC
ENSG00000147421.17	DLPFC
ENSG00000267549.5	DLPFC
ENSG00000102003.10	DLPFC
ENSG00000233013.8	DLPFC
ENSG00000185504.16	DLPFC
ENSG00000274654.1	DLPFC
ENSG00000100324.13	DLPFC
ENSG00000130147.15	DLPFC
ENSG00000101333.16	DLPFC
ENSG00000174197.16	DLPFC
ENSG00000091656.15	DLPFC
ENSG00000169221.13	DLPFC
ENSG00000105246.5	DLPFC
ENSG00000070423.17	DLPFC
ENSG00000078043.15	DLPFC
ENSG00000249550.6	DLPFC
ENSG00000101336.12	DLPFC
ENSG00000143106.12	DLPFC
ENSG00000253948.1	DLPFC
ENSG00000234996.4	DLPFC
ENSG00000115226.9	DLPFC
ENSG00000134532.15	DLPFC
ENSG00000275111.4	DLPFC
ENSG00000138617.14	DLPFC
ENSG00000242299.1	DLPFC
ENSG00000102103.15	DLPFC
ENSG00000273447.1	DLPFC
ENSG00000224940.8	DLPFC
ENSG00000260260.1	DLPFC
ENSG00000125675.17	DLPFC
ENSG00000118508.4	DLPFC
ENSG00000178826.10	DLPFC
ENSG00000227295.2	DLPFC
ENSG00000230320.1	DLPFC
ENSG00000185774.14	DLPFC
ENSG00000256967.1	DLPFC
ENSG00000131931.8	DLPFC
ENSG00000168066.20	DLPFC
ENSG00000184786.5	DLPFC
ENSG00000229806.1	DLPFC
ENSG00000160055.19	DLPFC
ENSG00000171970.12	DLPFC
ENSG00000105865.10	DLPFC
ENSG00000279821.1	DLPFC
ENSG00000258565.1	DLPFC
ENSG00000125945.14	DLPFC
ENSG00000105784.15	DLPFC
ENSG00000173915.13	DLPFC
ENSG00000188760.10	DLPFC
ENSG00000175931.12	DLPFC
ENSG00000163297.16	DLPFC
ENSG00000275223.1	DLPFC
ENSG00000111676.14	DLPFC
ENSG00000254821.1	DLPFC
ENSG00000105122.12	DLPFC
ENSG00000241360.1	DLPFC
ENSG00000163104.17	DLPFC
ENSG00000137161.16	DLPFC
ENSG00000230207.1	DLPFC
ENSG00000072840.12	DLPFC
ENSG00000131149.18	DLPFC
ENSG00000261678.2	DLPFC
ENSG00000226781.1	DLPFC
ENSG00000186577.12	DLPFC
ENSG00000204427.11	DLPFC
ENSG00000154485.4	DLPFC
ENSG00000162734.12	DLPFC
ENSG00000176058.11	DLPFC
ENSG00000198816.6	DLPFC
ENSG00000272367.1	DLPFC
ENSG00000234028.3	DLPFC
ENSG00000169297.7	DLPFC
ENSG00000113739.10	DLPFC
ENSG00000266126.1	DLPFC
ENSG00000043093.13	DLPFC
ENSG00000213149.3	DLPFC
ENSG00000141279.15	DLPFC
ENSG00000178951.8	DLPFC
ENSG00000225421.2	DLPFC
ENSG00000153767.9	DLPFC
ENSG00000236269.1	DLPFC
ENSG00000160908.14	DLPFC
ENSG00000228485.1	DLPFC
ENSG00000111276.10	DLPFC
ENSG00000171720.9	DLPFC
ENSG00000118518.15	DLPFC
ENSG00000130758.7	DLPFC
ENSG00000180694.13	DLPFC
ENSG00000023330.14	DLPFC
ENSG00000274560.1	DLPFC
ENSG00000107954.10	DLPFC
ENSG00000110066.14	DLPFC
ENSG00000205940.8	DLPFC
ENSG00000267414.1	DLPFC
ENSG00000243836.5	DLPFC
ENSG00000196550.10	DLPFC
ENSG00000269924.1	DLPFC
ENSG00000187742.14	DLPFC
ENSG00000145147.19	DLPFC
ENSG00000162231.13	DLPFC
ENSG00000169271.2	DLPFC
ENSG00000135185.11	DLPFC
ENSG00000113712.16	DLPFC
ENSG00000270019.1	DLPFC
ENSG00000261587.2	DLPFC
ENSG00000156463.17	DLPFC
ENSG00000211450.9	DLPFC
ENSG00000180900.17	DLPFC
ENSG00000258477.1	DLPFC
ENSG00000111348.8	DLPFC
ENSG00000151014.5	DLPFC
ENSG00000182791.4	DLPFC
ENSG00000260865.1	DLPFC
ENSG00000158019.20	DLPFC
ENSG00000260160.1	DLPFC
ENSG00000279748.1	DLPFC
ENSG00000278916.1	DLPFC
ENSG00000133612.18	DLPFC
ENSG00000174145.7	DLPFC
ENSG00000143570.17	DLPFC
ENSG00000166813.14	DLPFC
ENSG00000159167.11	DLPFC
ENSG00000153902.13	DLPFC
ENSG00000248791.1	DLPFC
ENSG00000217783.2	DLPFC
ENSG00000105518.13	DLPFC
ENSG00000123560.13	DLPFC
ENSG00000179967.11	DLPFC
ENSG00000230551.4	DLPFC
ENSG00000261220.2	DLPFC
ENSG00000279739.1	DLPFC
ENSG00000085377.13	DLPFC
ENSG00000279555.1	DLPFC
ENSG00000013588.6	DLPFC
ENSG00000053438.8	DLPFC
ENSG00000139921.12	DLPFC
ENSG00000234797.5	DLPFC
ENSG00000223861.1	DLPFC
ENSG00000187678.8	DLPFC
ENSG00000228415.3	DLPFC
ENSG00000058404.19	DLPFC
ENSG00000117614.9	DLPFC
ENSG00000108309.12	DLPFC
ENSG00000133422.12	DLPFC
ENSG00000102078.15	DLPFC
ENSG00000145721.11	DLPFC
ENSG00000100311.16	DLPFC
ENSG00000177733.6	DLPFC
ENSG00000276166.1	DLPFC
ENSG00000242214.1	DLPFC
ENSG00000116649.9	DLPFC
ENSG00000231195.1	DLPFC
ENSG00000238085.1	DLPFC
ENSG00000176788.8	DLPFC
ENSG00000283652.1	DLPFC
ENSG00000066044.14	DLPFC
ENSG00000228889.6	DLPFC
ENSG00000096746.17	DLPFC
ENSG00000180929.5	DLPFC
ENSG00000213305.3	DLPFC
ENSG00000115241.10	DLPFC
ENSG00000176087.14	DLPFC
ENSG00000257923.9	DLPFC
ENSG00000185742.6	DLPFC
ENSG00000112739.16	DLPFC
ENSG00000128607.13	DLPFC
ENSG00000127995.16	DLPFC
ENSG00000214244.4	DLPFC
ENSG00000228175.3	DLPFC
ENSG00000160145.15	DLPFC
ENSG00000243147.7	DLPFC
ENSG00000263120.1	DLPFC
ENSG00000112137.17	DLPFC
ENSG00000136960.12	DLPFC
ENSG00000143379.12	DLPFC
ENSG00000166707.10	DLPFC
ENSG00000028277.21	DLPFC
ENSG00000024048.10	DLPFC
ENSG00000131724.10	DLPFC
ENSG00000130940.14	DLPFC
ENSG00000226636.1	DLPFC
ENSG00000116750.13	DLPFC
ENSG00000255302.4	DLPFC
ENSG00000270022.3	DLPFC
ENSG00000155463.12	DLPFC
ENSG00000130723.17	DLPFC
ENSG00000198406.7	DLPFC
ENSG00000103066.12	DLPFC
ENSG00000213793.4	DLPFC
ENSG00000258783.1	DLPFC
ENSG00000127585.11	DLPFC
ENSG00000119705.9	DLPFC
ENSG00000055118.14	DLPFC
ENSG00000066027.11	DLPFC
ENSG00000134115.12	DLPFC
ENSG00000124795.14	DLPFC
ENSG00000236567.2	DLPFC
ENSG00000115207.13	DLPFC
ENSG00000196507.10	DLPFC
ENSG00000115457.9	DLPFC
ENSG00000172232.9	DLPFC
ENSG00000160219.11	DLPFC
ENSG00000256351.1	DLPFC
ENSG00000237515.7	DLPFC
ENSG00000226853.2	DLPFC
ENSG00000117385.15	DLPFC
ENSG00000172465.13	DLPFC
ENSG00000119508.17	DLPFC
ENSG00000233639.5	DLPFC
ENSG00000242836.1	DLPFC
ENSG00000096080.11	DLPFC
ENSG00000170035.15	DLPFC
ENSG00000143373.17	DLPFC
ENSG00000249961.9	DLPFC
ENSG00000239922.1	DLPFC
ENSG00000173334.3	DLPFC
ENSG00000102119.10	DLPFC
ENSG00000280388.1	DLPFC
ENSG00000172974.11	DLPFC
ENSG00000214455.4	DLPFC
ENSG00000121753.12	DLPFC
ENSG00000250195.1	DLPFC
ENSG00000260723.1	DLPFC
ENSG00000267322.2	DLPFC
ENSG00000085978.21	DLPFC
ENSG00000224885.1	DLPFC
ENSG00000226310.1	DLPFC
ENSG00000162409.10	DLPFC
ENSG00000269952.1	DLPFC
ENSG00000277200.1	DLPFC
ENSG00000147036.11	DLPFC
ENSG00000281183.1	DLPFC
ENSG00000161642.17	DLPFC
ENSG00000111252.10	DLPFC
ENSG00000101347.8	DLPFC
ENSG00000137656.11	DLPFC
ENSG00000123353.9	DLPFC
ENSG00000184924.5	DLPFC
ENSG00000261783.1	DLPFC
ENSG00000179761.11	DLPFC
ENSG00000272343.1	DLPFC
ENSG00000171425.9	DLPFC
ENSG00000087152.15	DLPFC
ENSG00000254241.1	DLPFC
ENSG00000140350.15	DLPFC
ENSG00000279544.1	DLPFC
ENSG00000283529.1	DLPFC
ENSG00000268568.1	DLPFC
ENSG00000169057.20	DLPFC
ENSG00000217241.1	DLPFC
ENSG00000261634.3	DLPFC
ENSG00000229498.1	DLPFC
ENSG00000237606.2	DLPFC
ENSG00000198576.3	DLPFC
ENSG00000137207.11	DLPFC
ENSG00000130349.9	DLPFC
ENSG00000251143.1	DLPFC
ENSG00000152242.10	DLPFC
ENSG00000162105.17	DLPFC
ENSG00000106236.3	DLPFC
ENSG00000223928.1	DLPFC
ENSG00000181789.14	DLPFC
ENSG00000267571.1	DLPFC
ENSG00000130749.9	DLPFC
ENSG00000234911.1	DLPFC
ENSG00000167978.16	DLPFC
ENSG00000186472.19	DLPFC
ENSG00000115421.12	DLPFC
ENSG00000229932.3	DLPFC
ENSG00000154975.13	DLPFC
ENSG00000162430.16	DLPFC
ENSG00000205138.3	DLPFC
ENSG00000187244.10	DLPFC
ENSG00000279803.1	DLPFC
ENSG00000198862.13	DLPFC
ENSG00000172650.13	DLPFC
ENSG00000235183.3	DLPFC
ENSG00000100625.8	DLPFC
ENSG00000102038.15	DLPFC
ENSG00000166289.5	DLPFC
ENSG00000137776.16	DLPFC
ENSG00000127774.6	DLPFC
ENSG00000198455.4	DLPFC
ENSG00000018189.12	DLPFC
ENSG00000275673.1	DLPFC
ENSG00000169291.9	DLPFC
ENSG00000236204.5	DLPFC
ENSG00000162981.13	DLPFC
ENSG00000153179.12	DLPFC
ENSG00000061337.15	DLPFC
ENSG00000072195.14	DLPFC
ENSG00000267940.1	DLPFC
ENSG00000269293.2	DLPFC
ENSG00000113763.10	DLPFC
ENSG00000138741.10	DLPFC
ENSG00000277247.1	DLPFC
ENSG00000177606.6	DLPFC
ENSG00000149781.12	DLPFC
ENSG00000142279.12	DLPFC
ENSG00000174243.9	DLPFC
ENSG00000268350.7	DLPFC
ENSG00000272610.1	DLPFC
ENSG00000112773.15	DLPFC
ENSG00000224775.2	DLPFC
ENSG00000259347.6	DLPFC
ENSG00000177370.4	DLPFC
ENSG00000186297.11	DLPFC
ENSG00000122707.11	DLPFC
ENSG00000277423.1	DLPFC
ENSG00000127415.12	DLPFC
ENSG00000135387.20	DLPFC
ENSG00000231856.2	DLPFC
ENSG00000104435.13	DLPFC
ENSG00000156853.12	DLPFC
ENSG00000008056.12	DLPFC
ENSG00000142186.16	DLPFC
ENSG00000187902.11	DLPFC
ENSG00000111799.20	DLPFC
ENSG00000162298.17	DLPFC
ENSG00000164151.11	DLPFC
ENSG00000152229.18	DLPFC
ENSG00000247809.7	DLPFC
ENSG00000233230.1	DLPFC
ENSG00000133392.17	DLPFC
ENSG00000119318.12	DLPFC
ENSG00000085276.17	DLPFC
ENSG00000216977.1	DLPFC
ENSG00000267430.1	DLPFC
ENSG00000142552.7	DLPFC
ENSG00000197122.11	DLPFC
ENSG00000162385.10	DLPFC
ENSG00000162630.5	DLPFC
ENSG00000204683.10	DLPFC
ENSG00000117461.14	DLPFC
ENSG00000239605.8	DLPFC
ENSG00000204209.10	DLPFC
ENSG00000011600.11	DLPFC
ENSG00000213590.2	DLPFC
ENSG00000219607.3	DLPFC
ENSG00000280375.1	DLPFC
ENSG00000135404.11	DLPFC
ENSG00000224950.2	DLPFC
ENSG00000179348.11	DLPFC
ENSG00000249138.1	DLPFC
ENSG00000237976.1	DLPFC
ENSG00000279543.1	DLPFC
ENSG00000259644.1	DLPFC
ENSG00000196544.7	DLPFC
ENSG00000187735.12	DLPFC
ENSG00000099341.11	DLPFC
ENSG00000111249.13	DLPFC
ENSG00000224981.1	DLPFC
ENSG00000228097.1	DLPFC
ENSG00000236636.2	DLPFC
ENSG00000103495.13	DLPFC
ENSG00000143153.12	DLPFC
ENSG00000119866.20	DLPFC
ENSG00000198625.12	DLPFC
ENSG00000261512.2	DLPFC
ENSG00000081237.18	DLPFC
ENSG00000184986.10	DLPFC
ENSG00000235034.6	DLPFC
ENSG00000269939.1	DLPFC
ENSG00000072071.16	DLPFC
ENSG00000152969.17	DLPFC
ENSG00000274885.1	DLPFC
ENSG00000164463.12	DLPFC
ENSG00000127603.23	DLPFC
ENSG00000246334.2	DLPFC
ENSG00000108797.11	DLPFC
ENSG00000278941.1	DLPFC
ENSG00000088320.3	DLPFC
ENSG00000200312.1	DLPFC
ENSG00000256955.2	DLPFC
ENSG00000182983.14	DLPFC
ENSG00000110583.12	DLPFC
ENSG00000165219.21	DLPFC
ENSG00000273733.1	DLPFC
ENSG00000119335.16	DLPFC
ENSG00000281398.2	DLPFC
ENSG00000260614.1	DLPFC
ENSG00000075426.11	DLPFC
ENSG00000270240.2	DLPFC
ENSG00000070501.11	DLPFC
ENSG00000276148.1	DLPFC
ENSG00000148411.7	DLPFC
ENSG00000228427.1	DLPFC
ENSG00000150337.13	DLPFC
ENSG00000121879.3	DLPFC
ENSG00000251609.2	DLPFC
ENSG00000168172.8	DLPFC
ENSG00000067248.9	DLPFC
ENSG00000186188.10	DLPFC
ENSG00000144550.12	DLPFC
ENSG00000254363.6	DLPFC
ENSG00000130720.12	DLPFC
ENSG00000266094.7	DLPFC
ENSG00000280650.1	DLPFC
ENSG00000232499.2	DLPFC
ENSG00000256361.1	DLPFC
ENSG00000157350.12	DLPFC
ENSG00000088325.15	DLPFC
ENSG00000274021.1	DLPFC
ENSG00000155875.13	DLPFC
ENSG00000226904.1	DLPFC
ENSG00000167110.16	DLPFC
ENSG00000259017.1	DLPFC
ENSG00000152953.12	DLPFC
ENSG00000223723.1	DLPFC
ENSG00000170921.14	DLPFC
ENSG00000101972.18	DLPFC
ENSG00000174944.8	DLPFC
ENSG00000133640.18	DLPFC
ENSG00000019991.15	DLPFC
ENSG00000144840.8	DLPFC
ENSG00000280219.1	DLPFC
ENSG00000100991.11	DLPFC
ENSG00000188766.12	DLPFC
ENSG00000279946.1	DLPFC
ENSG00000105519.14	DLPFC
ENSG00000280035.1	DLPFC
ENSG00000136732.14	DLPFC
ENSG00000259628.1	DLPFC
ENSG00000185924.6	DLPFC
ENSG00000177519.3	DLPFC
ENSG00000178567.7	DLPFC
ENSG00000071189.21	DLPFC
ENSG00000137825.10	DLPFC
ENSG00000218823.1	DLPFC
ENSG00000161526.14	DLPFC
ENSG00000100393.11	DLPFC
ENSG00000136153.19	DLPFC
ENSG00000159023.19	DLPFC
ENSG00000100320.22	DLPFC
ENSG00000182631.6	DLPFC
ENSG00000181790.10	DLPFC
ENSG00000166831.8	DLPFC
ENSG00000204584.1	DLPFC
ENSG00000178965.13	DLPFC
ENSG00000239653.1	DLPFC
ENSG00000131503.20	DLPFC
ENSG00000124839.12	DLPFC
ENSG00000280213.1	DLPFC
ENSG00000272769.1	DLPFC
ENSG00000275734.1	DLPFC
ENSG00000100650.15	DLPFC
ENSG00000267221.2	DLPFC
ENSG00000236457.1	DLPFC
ENSG00000229656.6	DLPFC
ENSG00000257122.5	DLPFC
ENSG00000140557.11	DLPFC
ENSG00000237711.1	DLPFC
ENSG00000166477.12	DLPFC
ENSG00000183615.5	DLPFC
ENSG00000077782.19	DLPFC
ENSG00000274211.4	DLPFC
ENSG00000183873.15	DLPFC
ENSG00000185721.11	DLPFC
ENSG00000236535.1	DLPFC
ENSG00000146858.7	DLPFC
ENSG00000164953.15	DLPFC
ENSG00000185834.10	DLPFC
ENSG00000181544.13	DLPFC
ENSG00000139865.16	DLPFC
ENSG00000067225.17	DLPFC
ENSG00000184677.16	DLPFC
ENSG00000116584.17	DLPFC
ENSG00000154832.14	DLPFC
ENSG00000249206.2	DLPFC
ENSG00000253457.2	DLPFC
ENSG00000235018.1	DLPFC
ENSG00000180304.14	DLPFC
ENSG00000173889.15	DLPFC
ENSG00000157827.19	DLPFC
ENSG00000170537.12	DLPFC
ENSG00000175267.14	DLPFC
ENSG00000008441.16	DLPFC
ENSG00000283128.1	DLPFC
ENSG00000230077.1	DLPFC
ENSG00000233844.1	DLPFC
ENSG00000134371.10	DLPFC
ENSG00000138668.18	DLPFC
ENSG00000272356.1	DLPFC
ENSG00000119616.11	DLPFC
ENSG00000282692.1	DLPFC
ENSG00000197445.2	DLPFC
ENSG00000214160.9	DLPFC
ENSG00000082458.11	DLPFC
ENSG00000213741.8	DLPFC
ENSG00000254013.1	DLPFC
ENSG00000149599.15	DLPFC
ENSG00000163141.18	DLPFC
ENSG00000185361.8	DLPFC
ENSG00000233924.1	DLPFC
ENSG00000130287.13	DLPFC
ENSG00000058673.15	DLPFC
ENSG00000073111.13	DLPFC
ENSG00000244693.1	DLPFC
ENSG00000262228.2	DLPFC
ENSG00000158816.15	DLPFC
ENSG00000169223.14	DLPFC
ENSG00000167106.11	DLPFC
ENSG00000269967.1	DLPFC
ENSG00000167733.13	DLPFC
ENSG00000113083.12	DLPFC
ENSG00000271147.7	DLPFC
ENSG00000138834.12	DLPFC
ENSG00000103089.8	DLPFC
ENSG00000254966.1	DLPFC
ENSG00000186575.17	DLPFC
ENSG00000143921.6	DLPFC
ENSG00000282989.1	DLPFC
ENSG00000253144.1	DLPFC
ENSG00000183401.11	DLPFC
ENSG00000272056.1	DLPFC
ENSG00000264513.1	DLPFC
ENSG00000166398.12	DLPFC
ENSG00000231992.1	DLPFC
ENSG00000170759.10	DLPFC
ENSG00000224155.2	DLPFC
ENSG00000230457.3	DLPFC
ENSG00000264569.1	DLPFC
ENSG00000174842.16	DLPFC
ENSG00000143977.13	DLPFC
ENSG00000136267.13	DLPFC
ENSG00000115232.13	DLPFC
ENSG00000243033.2	DLPFC
ENSG00000108840.15	DLPFC
ENSG00000171135.13	DLPFC
ENSG00000254510.1	DLPFC
ENSG00000144848.10	DLPFC
ENSG00000171462.14	DLPFC
ENSG00000242798.1	DLPFC
ENSG00000112379.8	DLPFC
ENSG00000126249.7	DLPFC
ENSG00000108773.10	DLPFC
ENSG00000126010.5	DLPFC
ENSG00000158301.18	DLPFC
ENSG00000228679.1	DLPFC
ENSG00000065057.7	DLPFC
ENSG00000149289.10	DLPFC
ENSG00000266896.1	DLPFC
ENSG00000173898.11	DLPFC
ENSG00000254051.1	DLPFC
ENSG00000181788.3	DLPFC
ENSG00000180329.13	DLPFC
ENSG00000276058.1	DLPFC
ENSG00000167114.12	DLPFC
ENSG00000214369.2	DLPFC
ENSG00000224349.2	DLPFC
ENSG00000164794.8	DLPFC
ENSG00000162924.13	DLPFC
ENSG00000198517.9	DLPFC
ENSG00000185347.17	DLPFC
ENSG00000169951.9	DLPFC
ENSG00000106723.16	DLPFC
ENSG00000258861.1	DLPFC
ENSG00000255256.1	DLPFC
ENSG00000013364.18	DLPFC
ENSG00000236494.1	DLPFC
ENSG00000114779.19	DLPFC
ENSG00000117152.13	DLPFC
ENSG00000037897.16	DLPFC
ENSG00000189046.10	DLPFC
ENSG00000123338.12	DLPFC
ENSG00000112541.13	DLPFC
ENSG00000259543.1	DLPFC
ENSG00000239264.8	DLPFC
ENSG00000224222.1	DLPFC
ENSG00000117472.9	DLPFC
ENSG00000229000.1	DLPFC
ENSG00000185009.12	DLPFC
ENSG00000279476.1	DLPFC
ENSG00000225986.1	DLPFC
ENSG00000072201.13	DLPFC
ENSG00000146592.16	DLPFC
ENSG00000143772.9	DLPFC
ENSG00000080298.15	DLPFC
ENSG00000189280.3	DLPFC
ENSG00000226045.1	DLPFC
ENSG00000277954.1	DLPFC
ENSG00000100711.13	DLPFC
ENSG00000067955.13	DLPFC
ENSG00000228502.1	DLPFC
ENSG00000254999.3	DLPFC
ENSG00000170191.4	DLPFC
ENSG00000132323.8	DLPFC
ENSG00000235518.2	DLPFC
ENSG00000246283.2	DLPFC
ENSG00000167716.18	DLPFC
ENSG00000100982.11	DLPFC
ENSG00000126464.13	DLPFC
ENSG00000102302.7	DLPFC
ENSG00000257894.2	DLPFC
ENSG00000132466.17	DLPFC
ENSG00000104221.12	DLPFC
ENSG00000108094.14	DLPFC
ENSG00000085872.14	DLPFC
ENSG00000241506.1	DLPFC
ENSG00000147257.13	DLPFC
ENSG00000230398.1	DLPFC
ENSG00000111432.4	DLPFC
ENSG00000164330.16	DLPFC
ENSG00000122566.20	DLPFC
ENSG00000164163.10	DLPFC
ENSG00000277589.1	DLPFC
ENSG00000236914.3	DLPFC
ENSG00000069399.13	DLPFC
ENSG00000198774.4	DLPFC
ENSG00000273851.1	DLPFC
ENSG00000224728.1	DLPFC
ENSG00000236711.2	DLPFC
ENSG00000265798.6	DLPFC
ENSG00000281883.1	DLPFC
ENSG00000115661.13	DLPFC
ENSG00000173065.13	DLPFC
ENSG00000185811.16	DLPFC
ENSG00000185085.2	DLPFC
ENSG00000269881.1	DLPFC
ENSG00000235552.4	DLPFC
ENSG00000241218.1	DLPFC
ENSG00000141753.6	DLPFC
ENSG00000135439.11	DLPFC
ENSG00000112182.14	DLPFC
ENSG00000240534.1	DLPFC
ENSG00000122254.6	DLPFC
ENSG00000228540.1	DLPFC
ENSG00000036054.12	DLPFC
ENSG00000248714.6	DLPFC
ENSG00000267890.1	DLPFC
ENSG00000241007.1	DLPFC
ENSG00000105401.7	DLPFC
ENSG00000250280.2	DLPFC
ENSG00000168546.10	DLPFC
ENSG00000164690.7	DLPFC
ENSG00000213801.4	DLPFC
ENSG00000105726.16	DLPFC
ENSG00000165282.13	DLPFC
ENSG00000076321.10	DLPFC
ENSG00000140795.12	DLPFC
ENSG00000273368.1	DLPFC
ENSG00000160404.17	DLPFC
ENSG00000138081.20	DLPFC
ENSG00000218283.2	DLPFC
ENSG00000144834.13	DLPFC
ENSG00000136715.17	DLPFC
ENSG00000120519.14	DLPFC
ENSG00000167257.10	DLPFC
ENSG00000279841.1	DLPFC
ENSG00000103313.12	DLPFC
ENSG00000170312.15	DLPFC
ENSG00000102001.12	DLPFC
ENSG00000225224.1	DLPFC
ENSG00000179813.6	DLPFC
ENSG00000143341.11	DLPFC
ENSG00000173638.18	DLPFC
ENSG00000181191.11	DLPFC
ENSG00000204410.14	DLPFC
ENSG00000135540.11	DLPFC
ENSG00000115170.13	DLPFC
ENSG00000244513.6	DLPFC
ENSG00000255608.1	DLPFC
ENSG00000271155.1	DLPFC
ENSG00000213658.10	DLPFC
ENSG00000267713.1	DLPFC
ENSG00000168488.18	DLPFC
ENSG00000129009.12	DLPFC
ENSG00000233579.1	DLPFC
ENSG00000139718.10	DLPFC
ENSG00000103647.12	DLPFC
ENSG00000256031.1	DLPFC
ENSG00000256293.2	DLPFC
ENSG00000272716.1	DLPFC
ENSG00000101928.12	DLPFC
ENSG00000130816.14	DLPFC
ENSG00000125386.15	DLPFC
ENSG00000112232.8	DLPFC
ENSG00000139970.16	DLPFC
ENSG00000168081.8	DLPFC
ENSG00000250765.6	DLPFC
ENSG00000158089.14	DLPFC
ENSG00000280167.1	DLPFC
ENSG00000267263.1	DLPFC
ENSG00000102901.12	DLPFC
ENSG00000249936.3	DLPFC
ENSG00000133124.11	DLPFC
ENSG00000144233.9	DLPFC
ENSG00000151882.11	DLPFC
ENSG00000145431.10	DLPFC
ENSG00000176973.7	DLPFC
ENSG00000265254.1	DLPFC
ENSG00000090776.5	DLPFC
ENSG00000166603.4	DLPFC
ENSG00000254897.1	DLPFC
ENSG00000253357.1	DLPFC
ENSG00000260038.1	DLPFC
ENSG00000167972.13	DLPFC
ENSG00000279805.1	DLPFC
ENSG00000010244.17	DLPFC
ENSG00000174607.10	DLPFC
ENSG00000189184.11	DLPFC
ENSG00000122884.12	DLPFC
ENSG00000147799.11	DLPFC
ENSG00000243759.1	DLPFC
ENSG00000231407.5	DLPFC
ENSG00000165802.20	DLPFC
ENSG00000184205.14	DLPFC
ENSG00000145293.15	DLPFC
ENSG00000161638.10	DLPFC
ENSG00000174469.18	DLPFC
ENSG00000006704.10	DLPFC
ENSG00000229589.1	DLPFC
ENSG00000264635.1	DLPFC
ENSG00000131771.13	DLPFC
ENSG00000198252.11	DLPFC
ENSG00000261302.5	DLPFC
ENSG00000214067.2	DLPFC
ENSG00000269444.1	DLPFC
ENSG00000102879.15	DLPFC
ENSG00000147669.10	DLPFC
ENSG00000262222.1	DLPFC
ENSG00000256085.1	DLPFC
ENSG00000105219.8	DLPFC
ENSG00000155961.4	DLPFC
ENSG00000278925.1	DLPFC
ENSG00000166266.13	DLPFC
ENSG00000220472.1	DLPFC
ENSG00000279980.1	DLPFC
ENSG00000274267.1	DLPFC
ENSG00000280033.1	DLPFC
ENSG00000176871.8	DLPFC
ENSG00000106588.10	DLPFC
ENSG00000164744.12	DLPFC
ENSG00000105695.14	DLPFC
ENSG00000234062.7	DLPFC
ENSG00000159055.3	DLPFC
ENSG00000109184.14	DLPFC
ENSG00000237649.7	DLPFC
ENSG00000260903.2	DLPFC
ENSG00000186827.10	DLPFC
ENSG00000107372.12	DLPFC
ENSG00000171532.4	DLPFC
ENSG00000067715.13	DLPFC
ENSG00000174059.16	DLPFC
ENSG00000231333.2	DLPFC
ENSG00000225335.3	DLPFC
ENSG00000132522.15	DLPFC
ENSG00000152484.13	DLPFC
ENSG00000163344.5	DLPFC
ENSG00000256064.1	DLPFC
ENSG00000279721.1	DLPFC
ENSG00000214093.3	DLPFC
ENSG00000279099.1	DLPFC
ENSG00000257167.2	DLPFC
ENSG00000281969.1	DLPFC
ENSG00000174132.8	DLPFC
ENSG00000257839.1	DLPFC
ENSG00000247033.1	DLPFC
ENSG00000184500.14	DLPFC
ENSG00000135723.13	DLPFC
ENSG00000102158.19	DLPFC
ENSG00000253352.8	DLPFC
ENSG00000166908.17	DLPFC
ENSG00000187098.14	DLPFC
ENSG00000272944.1	DLPFC
ENSG00000205670.10	DLPFC
ENSG00000243789.10	DLPFC
ENSG00000261526.2	DLPFC
ENSG00000107223.12	DLPFC
ENSG00000163376.11	DLPFC
ENSG00000172531.14	DLPFC
ENSG00000186010.18	DLPFC
ENSG00000185900.9	DLPFC
ENSG00000276023.4	DLPFC
ENSG00000265313.5	DLPFC
ENSG00000235711.4	DLPFC
ENSG00000152601.17	DLPFC
ENSG00000279702.1	DLPFC
ENSG00000253868.3	DLPFC
ENSG00000223653.5	DLPFC
ENSG00000225855.6	DLPFC
ENSG00000256234.1	DLPFC
ENSG00000155090.14	DLPFC
ENSG00000110955.8	DLPFC
ENSG00000272518.1	DLPFC
ENSG00000119396.10	DLPFC
ENSG00000104976.11	DLPFC
ENSG00000266934.1	DLPFC
ENSG00000186076.5	DLPFC
ENSG00000234685.1	DLPFC
ENSG00000161405.16	DLPFC
ENSG00000181773.6	DLPFC
ENSG00000278768.1	DLPFC
ENSG00000163659.12	DLPFC
ENSG00000134297.6	DLPFC
ENSG00000279877.1	DLPFC
ENSG00000258419.1	DLPFC
ENSG00000171148.13	DLPFC
ENSG00000072849.10	DLPFC
ENSG00000272100.1	DLPFC
ENSG00000102316.16	DLPFC
ENSG00000168386.18	DLPFC
ENSG00000186318.16	DLPFC
ENSG00000179627.9	DLPFC
ENSG00000260001.6	DLPFC
ENSG00000258947.6	DLPFC
ENSG00000169562.9	DLPFC
ENSG00000171603.16	DLPFC
ENSG00000164327.12	DLPFC
ENSG00000171222.10	DLPFC
ENSG00000175741.5	DLPFC
ENSG00000226284.1	DLPFC
ENSG00000119042.16	DLPFC
ENSG00000272980.4	DLPFC
ENSG00000198356.11	DLPFC
ENSG00000090061.17	DLPFC
ENSG00000272301.1	DLPFC
ENSG00000149257.13	DLPFC
ENSG00000168685.14	DLPFC
ENSG00000143393.16	DLPFC
ENSG00000258472.8	DLPFC
ENSG00000182318.5	DLPFC
ENSG00000125844.15	DLPFC
ENSG00000261655.1	DLPFC
ENSG00000272157.1	DLPFC
ENSG00000013441.15	DLPFC
ENSG00000105851.10	DLPFC
ENSG00000264522.5	DLPFC
ENSG00000224592.5	DLPFC
ENSG00000080822.16	DLPFC
ENSG00000114480.12	DLPFC
ENSG00000276115.1	DLPFC
ENSG00000149926.13	DLPFC
ENSG00000217555.12	DLPFC
ENSG00000278668.1	DLPFC
ENSG00000158373.8	DLPFC
ENSG00000140320.11	DLPFC
ENSG00000116698.20	DLPFC
ENSG00000276180.1	DLPFC
ENSG00000245849.6	DLPFC
ENSG00000008256.15	DLPFC
ENSG00000116213.15	DLPFC
ENSG00000181744.8	DLPFC
ENSG00000213380.14	DLPFC
ENSG00000215014.4	DLPFC
ENSG00000185737.12	DLPFC
ENSG00000138435.15	DLPFC
ENSG00000144554.10	DLPFC
ENSG00000106328.9	DLPFC
ENSG00000171241.8	DLPFC
ENSG00000170365.9	DLPFC
ENSG00000120509.10	DLPFC
ENSG00000241596.1	DLPFC
ENSG00000122565.18	DLPFC
ENSG00000168830.7	DLPFC
ENSG00000144228.8	DLPFC
ENSG00000259623.1	DLPFC
ENSG00000104983.8	DLPFC
ENSG00000227331.1	DLPFC
ENSG00000118454.12	DLPFC
ENSG00000121741.16	DLPFC
ENSG00000119596.17	DLPFC
ENSG00000153815.16	DLPFC
ENSG00000196205.8	DLPFC
ENSG00000123136.14	DLPFC
ENSG00000259366.1	DLPFC
ENSG00000223935.1	DLPFC
ENSG00000198691.11	DLPFC
ENSG00000163818.16	DLPFC
ENSG00000225663.7	DLPFC
ENSG00000168612.4	DLPFC
ENSG00000128298.16	DLPFC
ENSG00000228288.6	DLPFC
ENSG00000274105.1	DLPFC
ENSG00000179456.10	DLPFC
ENSG00000272832.1	Hippocampus
ENSG00000258375.2	Hippocampus
ENSG00000158458.19	Hippocampus
ENSG00000231272.1	Hippocampus
ENSG00000255178.1	Hippocampus
ENSG00000197448.13	Hippocampus
ENSG00000025800.13	Hippocampus
ENSG00000176884.14	Hippocampus
ENSG00000279611.1	Hippocampus
ENSG00000120992.17	Hippocampus
ENSG00000130224.14	Hippocampus
ENSG00000166526.16	Hippocampus
ENSG00000185668.7	Hippocampus
ENSG00000237133.1	Hippocampus
ENSG00000162599.15	Hippocampus
ENSG00000078053.16	Hippocampus
ENSG00000170579.15	Hippocampus
ENSG00000116455.13	Hippocampus
ENSG00000114013.15	Hippocampus
ENSG00000159409.14	Hippocampus
ENSG00000188803.14	Hippocampus
ENSG00000241741.1	Hippocampus
ENSG00000261054.1	Hippocampus
ENSG00000278900.1	Hippocampus
ENSG00000188011.5	Hippocampus
ENSG00000133131.14	Hippocampus
ENSG00000111644.7	Hippocampus
ENSG00000163159.11	Hippocampus
ENSG00000127837.9	Hippocampus
ENSG00000230001.1	Hippocampus
ENSG00000175073.7	Hippocampus
