Feature	ensemblID	ID	TWAS.Z	TWAS.P	JOINT.Z	JOINT.P	Type
ENSG00000065833	ENSG00000065833	ME1	-5.40685283875744	6.41418015689997e-08	-5.40685283875744	6.41418015689994e-08	Gene
ENSG00000091592	ENSG00000091592	NLRP1	-4.31794277161157	1.57490250025251e-05	-4.31794277161157	1.57490250025248e-05	Gene
ENSG00000161896	ENSG00000161896	IP6K3	5.28113773628308	1.28384125689717e-07	5.28113773628308	1.28384125689719e-07	Gene
ENSG00000115649	ENSG00000115649	CNPPD1	-4.62143322842249	3.81097995984977e-06	-4.62143322842249	3.81097995984978e-06	Gene
ENSG00000153820	ENSG00000153820	SPHKAP	4.56015987508045	5.11146903170584e-06	4.56015987508045	5.1114690317059e-06	Gene
ENSG00000244731	ENSG00000244731	C4A	11.937825136497	7.5162875909771e-33	4.53336895221864	5.80502870274015e-06	Gene
ENSG00000158604	ENSG00000158604	TMED4	-4.43125295176604	9.36871083100557e-06	-4.43125295176604	9.36871083100546e-06	Gene
ENSG00000066084	ENSG00000066084	DIP2B	4.46634308751123	7.9567972420929e-06	4.46634308751123	7.95679724209293e-06	Gene
ENSG00000249484	ENSG00000249484	LINC01470	5.27479174419554	1.32906928158818e-07	5.27479174419554	1.32906928158821e-07	Gene
ENSG00000120733	ENSG00000120733	KDM3B	-3.73186702699007	0.0001900658297617	-3.73186702699007	0.0001900658297617	Gene
ENSG00000186522	ENSG00000186522	SEPT10	4.28699658126421	1.81105079383414e-05	4.28699658126421	1.81105079383412e-05	Gene
ENSG00000112511	ENSG00000112511	PHF1	-4.20025515282042	2.66614351633651e-05	-4.20025515282042	2.66614351633654e-05	Gene
ENSG00000279853	ENSG00000279853	ENSG00000279853	3.83562346794489	0.0001252461665673	3.83562346794489	0.0001252461665673	Gene
ENSG00000175727	ENSG00000175727	MLXIP	-4.12200269358598	3.75592808050134e-05	-4.12200269358598	3.75592808050129e-05	Gene
ENSG00000100346	ENSG00000100346	CACNA1I	-5.7337170471561	9.82531917286337e-09	-5.7337170471561	9.82531917286352e-09	Gene
ENSG00000253553	ENSG00000253553	ENSG00000253553	-5.29247964853812	1.20668901910669e-07	-5.29247964853812	1.20668901910666e-07	Gene
ENSG00000164574	ENSG00000164574	GALNT10	4.37900618411434	1.19221749229503e-05	4.37900618411434	1.19221749229501e-05	Gene
ENSG00000114054	ENSG00000114054	PCCB	-6.18194775871057	6.331548054066461e-10	-6.18194775871057	6.33154805406664e-10	Gene
ENSG00000156253	ENSG00000156253	RWDD2B	3.29583492836144	0.0009812965555804	3.29583492836144	0.0009812965555804	Gene
ENSG00000090863	ENSG00000090863	GLG1	4.72447846368644	2.30706661838374e-06	4.72447846368644	2.30706661838374e-06	Gene
ENSG00000138030	ENSG00000138030	KHK	-3.95738803800212	7.57737842626895e-05	-3.95738803800212	7.57737842626884e-05	Gene
ENSG00000178917	ENSG00000178917	ZNF852	-4.63400000000001	3.58666992862338e-06	-4.63400000000001	3.58666992862335e-06	Gene
ENSG00000136144	ENSG00000136144	RCBTB1	-3.93280415806849	8.39606404329949e-05	-3.93280415806849	8.39606404329956e-05	Gene
ENSG00000135250	ENSG00000135250	SRPK2	4.31339425518074	1.60767052116511e-05	4.31339425518074	1.60767052116514e-05	Gene
ENSG00000172346	ENSG00000172346	CSDC2	-3.84885175621984	0.0001186727946924	-0.451818514193831	0.651399730872005	Gene
ENSG00000225968	ENSG00000225968	ELFN1	-6.93749699058306	3.99107823374096e-12	-6.93749699058306	3.99107823374099e-12	Gene
ENSG00000066379	ENSG00000066379	ZNRD1	9.66858942425266	4.09989877553325e-22	-11.3944369188531	4.4570210423141e-30	Gene
ENSG00000157837	ENSG00000157837	SPPL3	-4.14533565632859	3.39316293157044e-05	-4.14533565632859	3.39316293157044e-05	Gene
ENSG00000242866	ENSG00000242866	STRC	-4.92569034810395	8.40630315625476e-07	-4.92569034810395	8.40630315625465e-07	Gene
ENSG00000261353	ENSG00000261353	ENSG00000261353	9.38107032169234	6.53063724057619e-21	18.8091501851463	6.354830963186249e-79	Gene
ENSG00000224924	ENSG00000224924	LINC00320	3.76359599781368	0.0001674873894606	3.76359599781368	0.0001674873894606	Gene
ENSG00000181126	ENSG00000181126	HLA-V	-8.06459054141919	7.34817299571168e-16	-9.08116883300012	1.0741505613441e-19	Gene
ENSG00000248309	ENSG00000248309	MEF2C-AS1	5.27691507438445	1.31376732898766e-07	5.27691507438445	1.31376732898767e-07	Gene
ENSG00000164182	ENSG00000164182	NDUFAF2	3.74042918879883	0.0001837062972265	3.74042918879883	0.0001837062972265	Gene
ENSG00000269938	ENSG00000269938	ENSG00000269938	4.71561254919705	2.40984635266325e-06	4.71561254919705	2.40984635266325e-06	Gene
ENSG00000169592	ENSG00000169592	INO80E	6.71453967091505	1.8866084729898e-11	6.71453967091505	1.8866084729898495e-11	Gene
ENSG00000149328	ENSG00000149328	GLB1L2	-3.98289477927072	6.80809026966521e-05	-3.98289477927072	6.80809026966521e-05	Gene
ENSG00000131951	ENSG00000131951	LRRC9	-3.74725006583392	0.0001787838311396	-3.74725006583392	0.0001787838311396	Gene
ENSG00000204338	ENSG00000204338	CYP21A1P	11.1234030797142	9.65187373290608e-29	-10.4051460292568	2.3489566863891702e-25	Gene
ENSG00000112659	ENSG00000112659	CUL9	4.43142734785289	9.36113543777425e-06	4.43142734785289	9.36113543777444e-06	Gene
ENSG00000234745	ENSG00000234745	HLA-B	-6.56264044256417	5.2863210938999887e-11	-2.42286851669346	0.0153984988438836	Gene
ENSG00000163634	ENSG00000163634	THOC7	-5.34069197372878	9.25924670748051e-08	-5.34069197372878	9.25924670748037e-08	Gene
ENSG00000083535	ENSG00000083535	PIBF1	3.67915229882196	0.00023401049675	3.67915229882196	0.00023401049675	Gene
ENSG00000198892	ENSG00000198892	SHISA4	4.00772925896441	6.13053406401836e-05	4.00772925896441	6.13053406401846e-05	Gene
ENSG00000101442	ENSG00000101442	ACTR5	5.06875561085136	4.00424970665221e-07	5.06875561085136	4.00424970665213e-07	Gene
ENSG00000114988	ENSG00000114988	LMAN2L	-4.09784238906384	4.17019061222116e-05	-4.09784238906384	4.17019061222124e-05	Gene
ENSG00000183066	ENSG00000183066	WBP2NL	4.18291865546995	2.87790385681988e-05	8.26761911725369	1.36660674167911e-16	Gene
ENSG00000117020	ENSG00000117020	AKT3	-5.64749756760872	1.62800138411017e-08	-5.64749756760872	1.62800138411016e-08	Gene
ENSG00000186732	ENSG00000186732	MPPED1	-3.83686071653227	0.0001246171023044	-3.83686071653227	0.0001246171023044	Gene
ENSG00000230532	ENSG00000230532	ENSG00000230532	4.19509800705564	2.72753624950357e-05	4.19509800705564	2.72753624950357e-05	Gene
ENSG00000151773	ENSG00000151773	CCDC122	-3.86214459113433	0.0001123960085966	-3.86214459113433	0.0001123960085966	Gene
ENSG00000270112	ENSG00000270112	ENSG00000270112	-3.73563161623647	0.0001872446128325	-3.73563161623647	0.0001872446128325	Gene
ENSG00000277427	ENSG00000277427	ENSG00000277427	-8.66101576407607	4.6757886672091e-18	13.6380995595818	2.3767391649738697e-42	Gene
ENSG00000104447	ENSG00000104447	TRPS1	4.24210833749822	2.21429749879581e-05	4.24210833749822	2.21429749879586e-05	Gene
ENSG00000110492	ENSG00000110492	MDK	-5.3002631243061	1.15635905304957e-07	-5.3002631243061	1.15635905304954e-07	Gene
ENSG00000178538	ENSG00000178538	CA8	4.23925296281031	2.24264834185377e-05	4.23925296281031	2.24264834185377e-05	Gene
ENSG00000163016	ENSG00000163016	ALMS1P1	5.37529883672743	7.64557692209705e-08	5.37529883672743	7.64557692209686e-08	Gene
ENSG00000142233	ENSG00000142233	NTN5	4.4413139761158	8.94112224325161e-06	4.4413139761158	8.94112224325172e-06	Gene
ENSG00000175662	ENSG00000175662	TOM1L2	-5.24211071629835	1.58750062004395e-07	-5.24211071629835	1.58750062004395e-07	Gene
ENSG00000132612	ENSG00000132612	VPS4A	3.79787556934675	0.0001459415493514	3.79787556934675	0.0001459415493514	Gene
ENSG00000159958	ENSG00000159958	TNFRSF13C	-4.972567321827	6.60720153632323e-07	-2.27798239123601	0.0227276267517885	Gene
ENSG00000172922	ENSG00000172922	RNASEH2C	-4.492	7.05574236258878e-06	-4.492	7.05574236258887e-06	Gene
ENSG00000183831	ENSG00000183831	ANKRD45	4.76098912815926	1.92646427322819e-06	4.76098912815926	1.9264642732282e-06	Gene
ENSG00000100138	ENSG00000100138	SNU13	-8.10004087947371	5.49407231172713e-16	-9.92475885962652	3.2488707308949e-23	Gene
ENSG00000275221	ENSG00000275221	HIST1H2AK	-9.588213544259	8.962330357076449e-22	13.0221704464396	9.15316629743582e-39	Gene
ENSG00000204055	ENSG00000204055	ENSG00000204055	3.70359741970264	0.0002125634975823	3.70359741970264	0.0002125634975823	Gene
ENSG00000148834	ENSG00000148834	GSTO1	-4.32616692117671	1.51726463208753e-05	-4.32616692117671	1.5172646320875e-05	Gene
ENSG00000218739	ENSG00000218739	CEBPZOS	4.28633084868441	1.81648397226804e-05	4.28633084868441	1.81648397226804e-05	Gene
ENSG00000262097	ENSG00000262097	ENSG00000262097	-4.28041526308474	1.86544905922743e-05	-4.28041526308474	1.8654490592274e-05	Gene
ENSG00000279814	ENSG00000279814	ENSG00000279814	-4.05231548074763	5.07132173831737e-05	-4.05231548074763	5.07132173831737e-05	Gene
ENSG00000130921	ENSG00000130921	C12orf65	6.9493244635345	3.67039503866057e-12	6.9493244635345	3.67039503866052e-12	Gene
ENSG00000259462	ENSG00000259462	CPEB1-AS1	-4.18938488143562	2.79711636004545e-05	-4.18938488143562	2.7971163600455e-05	Gene
ENSG00000120899	ENSG00000120899	PTK2B	-3.82213020488634	0.0001323037956178	-3.82213020488634	0.0001323037956178	Gene
ENSG00000227370	ENSG00000227370	ENSG00000227370	6.62754655914794	3.41312001155588e-11	-7.33994608805502	2.13679908921806e-13	Gene
ENSG00000180113	ENSG00000180113	TDRD6	3.70018210095038	0.0002154448132803	3.70018210095038	0.0002154448132803	Gene
ENSG00000128274	ENSG00000128274	A4GALT	-4.81550650972952	1.46826976880994e-06	-8.27269809176265	1.30961021821842e-16	Gene
ENSG00000203721	ENSG00000203721	LINC00862	4.81164433066001	1.49693572925537e-06	4.81164433066001	1.49693572925533e-06	Gene
ENSG00000101452	ENSG00000101452	DHX35	4.39802475200809	1.0924052315659e-05	4.39802475200809	1.0924052315659e-05	Gene
ENSG00000117222	ENSG00000117222	RBBP5	4.09648678885551	4.19467414600199e-05	4.09648678885551	4.19467414600205e-05	Gene
ENSG00000088808	ENSG00000088808	PPP1R13B	7.01263820730077	2.33865648159657e-12	7.01263820730077	2.33865648159657e-12	Gene
ENSG00000263753	ENSG00000263753	LINC00667	3.67969427657631	0.0002335137346837	3.67969427657631	0.0002335137346837	Gene
ENSG00000114446	ENSG00000114446	IFT57	-4.24592020548188	2.17698101339786e-05	-4.24592020548188	2.17698101339788e-05	Gene
ENSG00000128268	ENSG00000128268	MGAT3	-4.29275017792178	1.76473530324522e-05	-4.29275017792178	1.76473530324519e-05	Gene
ENSG00000155530	ENSG00000155530	LRGUK	3.86324520077704	0.0001118905944299	3.86324520077704	0.0001118905944299	Gene
ENSG00000228962	ENSG00000228962	HCG23	-10.7230436503808	7.93483939252616e-27	-15.5586043179426	1.3909910451665502e-54	Gene
ENSG00000111875	ENSG00000111875	ASF1A	-3.66869777705213	0.0002437890626609	-3.66869777705213	0.0002437890626609	Gene
ENSG00000049167	ENSG00000049167	ERCC8	3.80931102571017	0.0001393545688191	3.80931102571017	0.0001393545688191	Gene
ENSG00000006744	ENSG00000006744	ELAC2	4.09161383292246	4.28381577600194e-05	4.09161383292246	4.28381577600199e-05	Gene
ENSG00000171103	ENSG00000171103	TRMT61B	-4.01660363028488	5.90429067573794e-05	-4.01660363028488	5.90429067573785e-05	Gene
ENSG00000198053	ENSG00000198053	SIRPA	-3.75743307832961	0.0001716652552331	-3.75743307832961	0.0001716652552331	Gene
ENSG00000226124	ENSG00000226124	FTCDNL1	-6.21395221460629	5.16682466173097e-10	-6.21395221460629	5.16682466173103e-10	Gene
ENSG00000153317	ENSG00000153317	ASAP1	-3.90477910023697	9.43114921937654e-05	-3.90477910023697	9.43114921937671e-05	Gene
ENSG00000186470	ENSG00000186470	BTN3A2	8.43840052310193	3.21709590465706e-17	-14.685153010423	8.025285558108629e-49	Gene
ENSG00000203886	ENSG00000203886	CYP17A1-AS1	-5.22170630124364	1.77281981747868e-07	-5.22170630124364	1.7728198174787e-07	Gene
ENSG00000200816	ENSG00000200816	SNORA38	-6.08573078916168	1.15961150288047e-09	-16.2700832030809	1.6093892693044601e-59	Gene
ENSG00000204228	ENSG00000204228	HSD17B8	-4.00943394797175	6.08644748547311e-05	-4.00943394797175	6.08644748547322e-05	Gene
ENSG00000268658	ENSG00000268658	LINC00664	-3.95241528198086	7.7366323360811e-05	-3.95241528198086	7.73663233608104e-05	Gene
ENSG00000164037	ENSG00000164037	SLC9B1	-4.43542577626551	9.18904889966348e-06	-4.43542577626551	9.18904889966333e-06	Gene
ENSG00000108587	ENSG00000108587	GOSR1	-3.80083152429839	0.0001442113322477	-3.80083152429839	0.0001442113322477	Gene
ENSG00000055147	ENSG00000055147	FAM114A2	-3.76445742404178	0.0001669111027988	-3.76445742404178	0.0001669111027988	Gene
ENSG00000146830	ENSG00000146830	GIGYF1	4.63542709589225	3.56201251422457e-06	4.63542709589225	3.5620125142245e-06	Gene
ENSG00000167491	ENSG00000167491	GATAD2A	-6.85469024576349	7.14672038582256e-12	-6.85469024576349	7.14672038582256e-12	Gene
ENSG00000259554	ENSG00000259554	ENSG00000259554	-4.51333893975362	6.38149150187764e-06	-4.51333893975362	6.38149150187773e-06	Gene
ENSG00000283361	ENSG00000283361	ENSG00000283361	4.6117009596552	3.9938728246392e-06	4.6117009596552	3.99387282463918e-06	Gene
ENSG00000259404	ENSG00000259404	EFTUD1P1	-5.404	6.51709440787517e-08	-5.404	6.5170944078753e-08	Gene
ENSG00000212195	ENSG00000212195	ENSG00000212195	-4.52309169066302	6.09428234545948e-06	-4.52309169066302	6.0942823454595e-06	Gene
ENSG00000234616	ENSG00000234616	JRK	4.3116744564648	1.62022863847811e-05	4.3116744564648	1.62022863847814e-05	Gene
ENSG00000237037	ENSG00000237037	NDUFA6-AS1	3.56858902932489	0.0003589088960822	5.57030760462226	2.54289980529743e-08	Gene
ENSG00000165072	ENSG00000165072	MAMDC2	4.04444224335342	5.24478355377245e-05	4.04444224335342	5.24478355377235e-05	Gene
ENSG00000198663	ENSG00000198663	C6orf89	3.67214792365771	0.0002405203870645	3.67214792365771	0.0002405203870645	Gene
ENSG00000137845	ENSG00000137845	ADAM10	4.06289068390487	4.84687314016953e-05	4.06289068390487	4.84687314016957e-05	Gene
ENSG00000182600	ENSG00000182600	C2orf82	4.29547285851051	1.74321365036514e-05	4.29547285851051	1.74321365036514e-05	Gene
ENSG00000137411	ENSG00000137411	VARS2	9.55818732832814	1.19837164179127e-21	22.6335927784263	2.02422172558346e-113	Gene
ENSG00000111237	ENSG00000111237	VPS29	-6.0178688872743	1.76728241952142e-09	-6.0178688872743	1.76728241952143e-09	Gene
ENSG00000104870	ENSG00000104870	FCGRT	3.88470193180309	0.0001024555072863	3.88470193180309	0.0001024555072863	Gene
ENSG00000197054	ENSG00000197054	ZNF763	-3.81880671024584	0.0001340987819327	-3.81880671024584	0.0001340987819327	Gene
ENSG00000164758	ENSG00000164758	MED30	-4.50318907711584	6.69412767890615e-06	-4.50318907711584	6.69412767890621e-06	Gene
ENSG00000169246	ENSG00000169246	NPIPB3	-4.10134618617477	4.10753502834154e-05	-4.10134618617477	4.10753502834156e-05	Gene
ENSG00000038945	ENSG00000038945	MSR1	-3.92184436104895	8.78737484832888e-05	-3.92184436104895	8.78737484832903e-05	Gene
ENSG00000120451	ENSG00000120451	SNX19	5.16838812940324	2.36121555995596e-07	5.16838812940324	2.36121555995592e-07	Gene
ENSG00000100162	ENSG00000100162	CENPM	-4.68271483632902	2.83100225734774e-06	-4.54218044039947	5.56753542180084e-06	Gene
ENSG00000085721	ENSG00000085721	RRN3	-3.91829597654132	8.91771649012643e-05	-3.91829597654132	8.91771649012627e-05	Gene
ENSG00000183379	ENSG00000183379	SYNDIG1L	-4.45445787823905	8.41054384071054e-06	-4.45445787823905	8.41054384071058e-06	Gene
ENSG00000259775	ENSG00000259775	ENSG00000259775	-3.93751905474664	8.23283961773929e-05	-3.93751905474664	8.2328396177393e-05	Gene
ENSG00000235963	ENSG00000235963	MCCD1P1	-10.0432974779027	9.8330954892149e-24	-18.7182153241248	3.51740070453412e-78	Gene
ENSG00000116752	ENSG00000116752	BCAS2	3.84019114636876	0.0001229385511954	3.84019114636876	0.0001229385511954	Gene
ENSG00000238083	ENSG00000238083	LRRC37A2	-4.1842837561512	2.86066606703771e-05	-4.1842837561512	2.86066606703776e-05	Gene
ENSG00000180596	ENSG00000180596	HIST1H2BC	-4.00262791608827	6.26427792387962e-05	-4.00262791608827	6.2642779238795e-05	Gene
ENSG00000050130	ENSG00000050130	JKAMP	-5.0055235991294	5.5710386690155e-07	-5.0055235991294	5.57103866901563e-07	Gene
ENSG00000106804	ENSG00000106804	C5	3.62833421334041	0.0002852558369885	3.62833421334041	0.0002852558369885	Gene
ENSG00000152219	ENSG00000152219	ARL14EP	5.55630817557412	2.755402178931e-08	5.55630817557412	2.75540217893098e-08	Gene
ENSG00000262074	ENSG00000262074	SNORD3B-2	5.45931303569968	4.77980373061082e-08	5.45931303569968	4.77980373061089e-08	Gene
ENSG00000088298	ENSG00000088298	EDEM2	-4.12165285104092	3.76163757222486e-05	-4.12165285104092	3.76163757222493e-05	Gene
ENSG00000263426	ENSG00000263426	RN7SL471P	6.89218584631901	5.4941529015994095e-12	-11.0397174254325	2.45804951204689e-28	Gene
ENSG00000204963	ENSG00000204963	PCDHA7	4.63807833819486	3.5166350475424e-06	4.63807833819486	3.51663504754234e-06	Gene
ENSG00000158691	ENSG00000158691	ZSCAN12	-12.6273204992112	1.4927522591064001e-36	-16.8906488211745	5.27200473559755e-64	Gene
ENSG00000131374	ENSG00000131374	TBC1D5	-4.36256583598311	1.28545885005632e-05	-4.36256583598311	1.2854588500563e-05	Gene
ENSG00000135164	ENSG00000135164	DMTF1	-3.83855248925278	0.0001237617599668	-3.83855248925278	0.0001237617599668	Gene
ENSG00000227766	ENSG00000227766	HCG4P5	-9.24627434292272	2.32454008923289e-20	-17.2088841719681	2.27778417249613e-66	Gene
ENSG00000233926	ENSG00000233926	ENSG00000233926	-4.54347653075176	5.53339686078741e-06	-4.54347653075176	5.5333968607875e-06	Gene
ENSG00000101104	ENSG00000101104	PABPC1L	3.7112159716203	0.0002062660219507	3.7112159716203	0.0002062660219507	Gene
ENSG00000205220	ENSG00000205220	PSMB10	-5.20647463030514	1.92461993012119e-07	-5.20647463030514	1.9246199301212e-07	Gene
ENSG00000187987	ENSG00000187987	ZSCAN23	-8.60185727467359	7.84362988987588e-18	-16.6995983018146	1.31950122022331e-62	Gene
ENSG00000204560	ENSG00000204560	DHX16	9.01000672193004	2.0604386253895e-19	9.01000672193004	2.0604386253895e-19	Gene
ENSG00000272335	ENSG00000272335	ENSG00000272335	-4.94143996825947	7.754769420885e-07	-4.94143996825947	7.75476942088486e-07	Gene
ENSG00000007923	ENSG00000007923	DNAJC11	-5.16972174529082	2.34442804089498e-07	-5.16972174529082	2.34442804089502e-07	Gene
ENSG00000128285	ENSG00000128285	MCHR1	-3.89451951494121	9.83935706885656e-05	-3.89451951494121	9.83935706885639e-05	Gene
ENSG00000219891	ENSG00000219891	ZSCAN12P1	12.3531782983823	4.68243131369939e-35	-15.6080102287301	6.4208417847176595e-55	Gene
ENSG00000280128	ENSG00000280128	ENSG00000280128	-10.9814755661193	4.691965266028249e-28	4.98555827879921	6.17831521429463e-07	Gene
ENSG00000134255	ENSG00000134255	CEPT1	3.89174909286284	9.95241393913727e-05	3.89174909286284	9.9524139391374e-05	Gene
ENSG00000231769	ENSG00000231769	ENSG00000231769	-3.71818112732686	0.0002006623779321	-3.71818112732686	0.0002006623779321	Gene
ENSG00000184164	ENSG00000184164	CRELD2	4.3411092188892	1.41765229539821e-05	4.3411092188892	1.41765229539821e-05	Gene
ENSG00000213722	ENSG00000213722	DDAH2	10.2631496269992	1.03281970389981e-24	-15.4098759835531	1.40481179616501e-53	Gene
ENSG00000163938	ENSG00000163938	GNL3	6.09907027009504	1.06687165184779e-09	6.09907027009504	1.06687165184781e-09	Gene
ENSG00000085788	ENSG00000085788	DDHD2	-5.16218277858444	2.44086783066342e-07	-5.16218277858444	2.44086783066337e-07	Gene
ENSG00000197958	ENSG00000197958	RPL12	3.99919382735019	6.35586124652729e-05	3.99919382735019	6.35586124652732e-05	Gene
ENSG00000167740	ENSG00000167740	CYB5D2	4.01428548398118	5.96261433686386e-05	4.01428548398118	5.96261433686386e-05	Gene
ENSG00000197498	ENSG00000197498	RPF2	4.22839633307555	2.35362918323237e-05	4.22839633307555	2.35362918323239e-05	Gene
ENSG00000204267	ENSG00000204267	TAP2	-3.64419387738382	0.0002682311758785	-3.64419387738382	0.0002682311758785	Gene
ENSG00000206567	ENSG00000206567	ENSG00000206567	-3.75658693951186	0.0001722464498371	-3.75658693951186	0.0001722464498371	Gene
ENSG00000239039	ENSG00000239039	SNORD13	-3.78530394680546	0.0001535208251738	-3.78530394680546	0.0001535208251738	Gene
ENST00000369878	ENSG00000148842	CNNM2	-4.46087768790681	8.16246687360096e-06	-5.70911311358211	1.13566398746517e-08	Transcript
ENST00000366539	ENSG00000117020	AKT3	-6.37629940718338	1.81418095443849e-10	-6.37629940718338	1.81418095443845e-10	Transcript
ENST00000568641	ENSG00000091592	NLRP1	-4.17243387236424	3.01363078248293e-05	-4.17243387236424	3.01363078248289e-05	Transcript
ENST00000293756	ENSG00000161896	IP6K3	5.01103099661041	5.41391924587975e-07	5.01103099661041	5.41391924587962e-07	Transcript
ENST00000222644	ENSG00000105926	MPP6	-5.2950960742302	1.18953853857414e-07	-5.2950960742302	1.18953853857411e-07	Transcript
ENST00000617168	ENSG00000197062	ZSCAN26	-7.87626448573807	3.37313826651666e-15	8.17387832151758	2.98631002994427e-16	Transcript
ENST00000415095	ENSG00000186522	SEPT10	4.83791824920881	1.3120608231863e-06	4.83791824920881	1.31206082318628e-06	Transcript
ENST00000360507	ENSG00000115649	CNPPD1	-4.5587721811753	5.14535492736714e-06	-4.5587721811753	5.14535492736716e-06	Transcript
ENST00000378302	ENSG00000136144	RCBTB1	-3.64200431858833	0.0002705235337343	-3.64200431858833	0.0002705235337343	Transcript
ENST00000301180	ENSG00000066084	DIP2B	4.18065505381051	2.90670526217073e-05	4.18065505381051	2.90670526217077e-05	Transcript
ENST00000466727	ENSG00000138311	ZNF365	4.76066967074584	1.92951640322574e-06	4.76066967074584	1.92951640322571e-06	Transcript
ENST00000319080	ENSG00000175727	MLXIP	-4.39388024417186	1.11345168555224e-05	-4.39388024417186	1.11345168555225e-05	Transcript
ENST00000612258	ENSG00000113578	FGF1	3.84337391041603	0.0001213543611685	3.84337391041603	0.0001213543611685	Transcript
ENST00000503335	ENSG00000145794	MEGF10	-4.80570220700657	1.54209289769258e-06	-4.80570220700657	1.54209289769256e-06	Transcript
ENST00000205061	ENSG00000090863	GLG1	4.74274026269612	2.10846533057258e-06	4.74274026269612	2.10846533057258e-06	Transcript
ENST00000602279	ENSG00000141098	GFOD2	-4.35245326944119	1.3462257279282e-05	-4.35245326944119	1.34622572792817e-05	Transcript
ENST00000361138	ENSG00000198887	SMC5	-4.24383628056866	2.1973068869953e-05	-4.24383628056866	2.19730688699528e-05	Transcript
ENST00000358505	ENSG00000143603	KCNN3	-4.61658978666236	3.90097288016782e-06	-4.61658978666236	3.90097288016787e-06	Transcript
ENST00000504684	ENSG00000159202	UBE2Z	4.10603599231828	4.02506791412075e-05	4.10603599231828	4.02506791412077e-05	Transcript
ENST00000539935	ENSG00000182389	CACNB4	4.20291042168779	2.63504886059394e-05	4.20291042168779	2.63504886059398e-05	Transcript
ENST00000375882	ENSG00000204435	CSNK2B	-9.05907355467506	1.31563200685946e-19	-25.503153720921	1.81869342479732e-143	Transcript
ENST00000252744	ENSG00000130449	ZSWIM6	6.40726953423848	1.48148783154842e-10	6.40726953423848	1.48148783154847e-10	Transcript
ENST00000471384	ENSG00000138942	RNF185	-3.69708215341837	0.0002180917800877	-3.69708215341837	0.0002180917800877	Transcript
ENST00000443063	ENSG00000230319	AL022476.2	3.90962130820929	9.24409245171979e-05	3.90962130820929	9.24409245171973e-05	Transcript
ENST00000401432	ENSG00000084710	EFR3B	-4.468	7.89543059399555e-06	-4.468	7.89543059399545e-06	Transcript
ENST00000517996	ENSG00000253320	AZIN1-AS1	-3.80181224347143	0.0001436415657718	-3.80181224347143	0.0001436415657718	Transcript
ENST00000289577	ENSG00000158604	TMED4	-4.52395735786311	6.06939578262982e-06	-4.52395735786311	6.06939578262971e-06	Transcript
ENST00000570054	ENSG00000260914	RP11-343C2.11	5.03961353698723	4.66472833159725e-07	5.03961353698723	4.66472833159732e-07	Transcript
ENST00000260599	ENSG00000138030	KHK	-4.89016903592202	1.00749422494776e-06	-4.89016903592202	1.00749422494775e-06	Transcript
ENST00000617569	ENSG00000278637	HIST1H4A	-3.82560757341767	0.0001304499540903	-5.26524002789744	1.40006312839691e-07	Transcript
ENST00000602601	ENSG00000269938	RP11-214K3.20	4.905	9.34273393081854e-07	4.905	9.34273393081862e-07	Transcript
ENST00000555447	ENSG00000140022	STON2	3.87224142289525	0.0001078390564357	3.87224142289525	0.0001078390564357	Transcript
ENST00000329620	ENSG00000183066	WBP2NL	5.97746889440498	2.26631183073957e-09	8.01598747388745	1.0925564135235401e-15	Transcript
ENST00000405929	ENSG00000219392	ZNF602P	8.90555461710127	5.311979297785012e-19	-17.4267376609361	5.17133255638709e-68	Transcript
ENST00000360760	ENSG00000196141	SPATS2L	-7.46714626808955	8.19526570955318e-14	-7.46714626808955	8.19526570955329e-14	Transcript
ENST00000396976	ENSG00000140265	ZSCAN29	-4.34962734531827	1.3636907411441e-05	-5.79903081997624	6.6699274510096306e-09	Transcript
ENST00000433628	ENSG00000148842	CNNM2	7.65238931031182	1.97278903703152e-14	-1.18540117077876	0.235858869055119	Transcript
ENST00000456247	ENSG00000149091	DGKZ	6.917	4.61308087787759e-12	6.917	4.61308087787762e-12	Transcript
ENST00000315580	ENSG00000182196	ARL6IP4	-6.71613997779645	1.8660154915883095e-11	-6.71613997779645	1.86601549158826e-11	Transcript
ENST00000264414	ENSG00000036257	CUL3	5.38927538280316	7.07423353570902e-08	5.38927538280316	7.07423353570892e-08	Transcript
ENST00000382393	ENSG00000172785	CBWD1	3.88451885513785	0.0001025327358969	3.88451885513785	0.000102532735897	Transcript
ENST00000394414	ENSG00000156475	PPP2R2B	-4.49364706263376	7.00136308190006e-06	-4.49364706263376	7.00136308190012e-06	Transcript
ENST00000624472	ENSG00000280060	RP11-5G9.6	-4.92578760619678	8.40212251356259e-07	-4.92578760619678	8.40212251356263e-07	Transcript
ENST00000452561	ENSG00000224924	LINC00320	4.22379622534321	2.40221267610986e-05	4.22379622534321	2.4022126761099e-05	Transcript
ENST00000337907	ENSG00000142599	RERE	5.23879444180716	1.61628943146367e-07	5.23879444180716	1.61628943146366e-07	Transcript
ENST00000488768	ENSG00000168781	PPIP5K1	-3.8422774967643	0.0001218979046671	-5.24756690177253	1.54121089442919e-07	Transcript
ENST00000372457	ENSG00000159479	MED8	-4.17270077200223	3.01010150718067e-05	-4.17270077200223	3.01010150718072e-05	Transcript
ENST00000405613	ENSG00000216901	ZNF603P	-9.23420627693225	2.6020800151557203e-20	11.9324458995329	8.01823927539665e-33	Transcript
ENST00000375662	ENSG00000185519	FAM131C	4.1417594771243	3.44651669292569e-05	4.1417594771243	3.44651669292576e-05	Transcript
ENST00000523264	ENSG00000253122	RP11-238I10.1	-3.8844284730517	0.0001025708827091	-3.8844284730517	0.0001025708827091	Transcript
ENST00000342991	ENSG00000204338	CYP21A1P	9.9424366689126	2.72088716401316e-23	-25.2096958946494	3.1359811361732e-140	Transcript
ENST00000410065	ENSG00000144040	SFXN5	-4.258	2.06263949146305e-05	-4.258	2.06263949146306e-05	Transcript
ENST00000395713	ENSG00000104447	TRPS1	4.52665058705771	5.99259014927837e-06	4.52665058705771	5.9925901492783e-06	Transcript
ENST00000433076	ENSG00000241370	RPP21	9.80713669196324	1.04902949410556e-22	26.3785090168745	2.41784647665528e-153	Transcript
ENST00000588728	ENSG00000173295	FAM86B3P	-4.23775134588086	2.25769608361008e-05	-4.23775134588086	2.25769608361005e-05	Transcript
ENST00000497325	ENSG00000213862	CTD-2270N23.1	-4.0233355524503	5.73796534479369e-05	-4.0233355524503	5.73796534479376e-05	Transcript
ENST00000428675	ENSG00000115896	PLCL1	6.1990055286574	5.68210361667257e-10	6.1990055286574	5.68210361667244e-10	Transcript
ENST00000351797	ENSG00000055147	FAM114A2	4.98011254375654	6.35473073327547e-07	4.98011254375654	6.35473073327562e-07	Transcript
ENST00000333279	ENSG00000183831	ANKRD45	4.52738073188697	5.97192865311324e-06	4.52738073188697	5.9719286531133e-06	Transcript
ENST00000480918	ENSG00000114416	FXR1	5.85559420021217	4.7530751413039615e-09	5.85559420021217	4.7530751413040715e-09	Transcript
ENST00000243903	ENSG00000101442	ACTR5	4.7478158791977	2.05625093088743e-06	4.7478158791977	2.05625093088739e-06	Transcript
ENST00000421598	ENSG00000226913	BSN-AS2	4.05892453597433	4.92992409112598e-05	4.05892453597433	4.92992409112591e-05	Transcript
ENST00000620881	ENSG00000274744	TCEB3CL2	-4.13962148226769	3.47879343043877e-05	-4.13962148226769	3.47879343043877e-05	Transcript
ENST00000559228	ENSG00000128923	FAM63B	-3.86821789586579	0.0001096336766785	-3.86821789586579	0.0001096336766785	Transcript
ENST00000430565	ENSG00000232173	OR2H5P	-4.7122424556762	2.45005626310438e-06	-3.40882228706238	0.0006524396724069	Transcript
ENST00000353487	ENSG00000157837	SPPL3	-4.25287141908207	2.11046768649995e-05	-4.25287141908207	2.11046768649999e-05	Transcript
ENST00000509179	ENSG00000248309	MEF2C-AS1	5.25091182243425	1.51348123127656e-07	5.25091182243425	1.5134812312766e-07	Transcript
ENST00000524367	ENSG00000153317	ASAP1	-3.99112656467996	6.5760172524722e-05	-3.99112656467996	6.57601725247213e-05	Transcript
ENST00000581396	ENSG00000175662	TOM1L2	-4.98667688314853	6.14266685695771e-07	-4.98667688314853	6.14266685695757e-07	Transcript
ENST00000574425	ENSG00000153406	NMRAL1	5.67981439623186	1.34840981514704e-08	5.67981439623186	1.34840981514705e-08	Transcript
ENST00000636987	ENSG00000136002	ARHGEF4	-4.20336946525147	2.62970829585885e-05	-4.20336946525147	2.62970829585889e-05	Transcript
ENST00000438737	ENSG00000139746	RBM26	-3.89928543140144	9.64769898993164e-05	-3.89928543140144	9.64769898993177e-05	Transcript
ENST00000369700	ENSG00000146250	PRSS35	4.73908275110448	2.14687822674396e-06	4.73908275110448	2.14687822674399e-06	Transcript
ENST00000372824	ENSG00000101104	PABPC1L	3.79838899851323	0.0001456396264389	3.79838899851323	0.0001456396264389	Transcript
ENST00000440790	ENSG00000226314	ZNF192P1	-8.52296892782388	1.5551451761341e-17	-14.4534995999179	2.3826544595362203e-47	Transcript
ENST00000442713	ENSG00000141627	DYM	4.43610986441969	9.15991119576277e-06	4.43610986441969	9.15991119576292e-06	Transcript
ENST00000480233	ENSG00000149292	TTC12	4.2898948867809	1.78757703729735e-05	4.2898948867809	1.78757703729733e-05	Transcript
ENST00000602591	ENSG00000231074	HCG18	-7.88705567831702	3.09399390863656e-15	10.1890035027798	2.22028336271542e-24	Transcript
ENST00000467558	ENSG00000106009	BRAT1	-5.88064279568311	4.08676263162557e-09	-3.91759877107051	8.94354046896069e-05	Transcript
ENST00000426643	ENSG00000228962	HCG23	-10.8076836329208	3.16562595129168e-27	-25.7988816832353	9.12703855189612e-147	Transcript
ENST00000623230	ENSG00000279814	RP11-399K21.12	-4.52855064916518	5.93896463144711e-06	-4.52855064916518	5.93896463144709e-06	Transcript
ENST00000496659	ENSG00000244731	C4A	11.3500828368394	7.40924732958209e-30	-17.1649185713818	4.86164380518746e-66	Transcript
ENST00000532531	ENSG00000215440	NPEPL1	-3.96963268490637	7.19835134271065e-05	-3.96963268490637	7.19835134271079e-05	Transcript
ENST00000530595	ENSG00000254602	AP000662.4	-4.81928387381157	1.44074433000032e-06	-4.81928387381157	1.44074433000035e-06	Transcript
ENST00000481297	ENSG00000161281	COX7A1	-4.23658215981946	2.26947901350383e-05	-4.23658215981946	2.26947901350387e-05	Transcript
ENST00000460185	ENSG00000179344	HLA-DQB1	7.71673327457409	1.19349042460532e-14	7.71673327457409	1.19349042460536e-14	Transcript
ENST00000328933	ENSG00000100321	SYNGR1	-4.52129740647899	6.14617650267121e-06	-4.52129740647899	6.14617650267111e-06	Transcript
ENST00000394294	ENSG00000108306	FBXL20	-4.26701955414929	1.98101801553703e-05	-4.26701955414929	1.98101801553703e-05	Transcript
ENST00000368805	ENSG00000009413	REV3L	-4.26352045240723	2.01231072272327e-05	-4.26352045240723	2.01231072272323e-05	Transcript
ENST00000559082	ENSG00000041357	PSMA4	-4.20973909265368	2.55665758570134e-05	-4.20973909265368	2.55665758570137e-05	Transcript
ENST00000493638	ENSG00000135250	SRPK2	4.572004417871	4.83080751284625e-06	4.572004417871	4.83080751284614e-06	Transcript
ENST00000614145	ENSG00000266472	MRPS21	-4.6641975077457	3.09823704362709e-06	-4.6641975077457	3.09823704362704e-06	Transcript
ENST00000544798	ENSG00000119242	CCDC92	5.21566114865575	1.83162741520802e-07	5.21566114865575	1.831627415208e-07	Transcript
ENST00000515341	ENSG00000230373	GOLGA6L5P	3.95410993654812	7.6820084009647e-05	3.95410993654812	7.68200840096482e-05	Transcript
ENST00000264515	ENSG00000117222	RBBP5	4.18520578955847	2.8490786882798e-05	4.18520578955847	2.84907868827982e-05	Transcript
ENST00000457253	ENSG00000225173	XXbac-BPG308K3.5	8.20952665214603	2.22062171827483e-16	4.2848180730326	1.82888783186398e-05	Transcript
ENST00000614410	ENSG00000116127	ALMS1	5.72310844890805	1.04592451475746e-08	5.72310844890805	1.04592451475745e-08	Transcript
ENST00000425356	ENSG00000225693	LAGE3P1	-3.76279640556321	0.0001680239843219	-3.76279640556321	0.0001680239843219	Transcript
ENST00000369884	ENSG00000203886	CYP17A1-AS1	-4.89634601169089	9.76350901774399e-07	-4.90350068540073	9.41436141197476e-07	Transcript
ENST00000600468	ENSG00000142233	NTN5	4.80140745464664	1.57554319115437e-06	4.80140745464664	1.5755431911544e-06	Transcript
ENST00000529104	ENSG00000219891	ZSCAN12P1	11.3885390986079	4.769185876319289e-30	12.8306360634072	1.10453632414447e-37	Transcript
ENST00000560401	ENSG00000259404	EFTUD1P1	-5.64691758137562	1.63350091182116e-08	-5.64691758137562	1.63350091182112e-08	Transcript
ENST00000561254	ENSG00000259554	RP11-408J6.1	-4.81748518990607	1.45378877908314e-06	-4.81748518990607	1.45378877908314e-06	Transcript
ENST00000530909	ENSG00000152219	ARL14EP	5.52934396856735	3.21430548469034e-08	5.52934396856735	3.21430548469038e-08	Transcript
ENST00000465670	ENSG00000106263	EIF3B	-4.64224601290532	3.44642160278732e-06	-4.64224601290532	3.44642160278741e-06	Transcript
ENST00000297347	ENSG00000164758	MED30	-4.26347426031158	2.01272695270719e-05	-4.26347426031158	2.01272695270722e-05	Transcript
ENST00000568365	ENSG00000101307	SIRPB1	3.74836510122607	0.0001779910278076	3.74836510122607	0.0001779910278076	Transcript
ENST00000272732	ENSG00000144306	SCRN3	-4.19690219537956	2.70590716857372e-05	-4.19690219537956	2.70590716857367e-05	Transcript
ENST00000417669	ENSG00000186732	MPPED1	-3.73715056738814	0.0001861174811837	-3.73715056738814	0.0001861174811837	Transcript
ENST00000541674	ENSG00000185864	NPIPB4	-4.19306039509967	2.75216132670737e-05	-4.19306039509967	2.75216132670736e-05	Transcript
ENST00000458633	ENSG00000233627	C4A-AS1	11.0414365653443	2.411465375888e-28	17.2586681411937	9.63067016173628e-67	Transcript
ENST00000536760	ENSG00000139428	MMAB	4.39499252995774	1.10776563080979e-05	4.39499252995774	1.10776563080981e-05	Transcript
ENST00000572484	ENSG00000132388	UBE2G1	-4.74912197145005	2.04301702935299e-06	-4.74912197145005	2.04301702935296e-06	Transcript
ENST00000376281	ENSG00000165119	HNRNPK	-3.7917068024115	0.0001496154872027	-3.7917068024115	0.0001496154872027	Transcript
ENST00000225724	ENSG00000108587	GOSR1	-4.23005435208308	2.33634855587441e-05	-4.23005435208308	2.33634855587441e-05	Transcript
ENST00000394799	ENSG00000163938	GNL3	6.01802232391737	1.76560849259842e-09	6.01802232391737	1.76560849259842e-09	Transcript
ENST00000477919	ENSG00000144401	METTL21A	-4.18487078992737	2.85328352556828e-05	-4.18487078992737	2.85328352556824e-05	Transcript
ENST00000328268	ENSG00000184164	CRELD2	4.28330713384886	1.84135714904643e-05	4.28330713384886	1.84135714904641e-05	Transcript
ENST00000527451	ENSG00000120451	SNX19	5.41289061281962	6.20153779699857e-08	5.41289061281962	6.20153779699869e-08	Transcript
ENST00000230431	ENSG00000112667	DNPH1	4.35245183780748	1.34623452156829e-05	4.35245183780748	1.34623452156826e-05	Transcript
ENST00000381998	ENSG00000038945	MSR1	-4.25660295422638	2.0755648016205e-05	-4.25660295422638	2.07556480162054e-05	Transcript
ENST00000464611	ENSG00000075624	ACTB	-3.96470325249703	7.34873083383559e-05	-3.96470325249703	7.34873083383562e-05	Transcript
ENST00000450235	ENSG00000002822	MAD1L1	6.37353247616086	1.84723137734933e-10	4.62466611393198	3.75202292055562e-06	Transcript
ENST00000445552	ENSG00000185829	ARL17A	-4.33100556584087	1.48429929446326e-05	-5.89115601192846	3.83503273370195e-09	Transcript
ENST00000483525	ENSG00000240405	SAMMSON	-3.89836960577418	9.68425250317248e-05	-3.89836960577418	9.68425250317259e-05	Transcript
ENST00000447529	ENSG00000231114	AC078842.4	4.21925344184321	2.4511261327708e-05	4.21925344184321	2.45112613277075e-05	Transcript
ENST00000571841	ENSG00000262633	RP11-156P1.2	-5.24216143069123	1.5870642377203e-07	-6.26595734647633	3.70541758951237e-10	Transcript
ENST00000239614	ENSG00000120458	MSANTD2	5.18030599613443	2.21522211206549e-07	5.18030599613443	2.21522211206549e-07	Transcript
ENST00000514111	ENSG00000170571	EMB	5.11356198043802	3.1613995907615e-07	5.11356198043802	3.16139959076154e-07	Transcript
ENST00000496723	ENSG00000117335	CD46	4.13684457546097	3.52114437148199e-05	4.13684457546097	3.52114437148205e-05	Transcript
ENST00000589796	ENSG00000267288	RP13-890H12.2	-3.88314238149874	0.0001031151461351	-3.88314238149874	0.0001031151461351	Transcript
ENST00000560650	ENSG00000259462	CPEB1-AS1	-4.77276019692309	1.81718111330817e-06	-4.77276019692309	1.81718111330819e-06	Transcript
ENST00000478157	ENSG00000114446	IFT57	-4.34557263426998	1.38912794870294e-05	-4.34557263426998	1.38912794870292e-05	Transcript
ENST00000486827	ENSG00000108384	RAD51C	-4.81085897940645	1.502830256448e-06	-4.81085897940645	1.50283025644797e-06	Transcript
ENST00000587638	ENSG00000129933	MAU2	-6.10494974020718	1.02833035687767e-09	-6.10494974020718	1.0283303568776402e-09	Transcript
ENST00000373323	ENSG00000101452	DHX35	4.57605123973	4.73834536421961e-06	4.57605123973	4.73834536421953e-06	Transcript
ENST00000630472	ENSG00000281831	HCP5B	-8.18888750366291	2.63651829821615e-16	-8.18888750366291	2.63651829821622e-16	Transcript
ENST00000436863	ENSG00000137752	CASP1	5.13541905758601	2.81516024641144e-07	5.13541905758601	2.81516024641143e-07	Transcript
ENST00000564748	ENSG00000261758	RP11-102M11.2	-5.87197559107257	4.30632160858193e-09	-5.87197559107257	4.30632160858204e-09	Transcript
ENST00000376442	ENSG00000204560	DHX16	9.03204894221866	1.68487038266698e-19	9.03204894221866	1.68487038266698e-19	Transcript
ENST00000394801	ENSG00000109332	UBE2D3	-4.87918054206541	1.06527516872683e-06	-4.87918054206541	1.06527516872681e-06	Transcript
ENST00000357637	ENSG00000197563	PIGN	3.60553465825293	0.0003115109108877	3.60553465825293	0.0003115109108877	Transcript
ENST00000554823	ENSG00000183379	SYNDIG1L	-4.04718249358332	5.18378261209807e-05	-4.04718249358332	5.18378261209815e-05	Transcript
ENST00000297185	ENSG00000113013	HSPA9	5.72240333977985	1.05027601139061e-08	5.72240333977985	1.05027601139063e-08	Transcript
ENST00000375353	ENSG00000184497	TMEM255B	-3.71731095845831	0.0002013545494657	-3.71731095845831	0.0002013545494657	Transcript
ENST00000577161	ENSG00000141564	RPTOR	-4.5760533948936	4.73829657748535e-06	-4.5760533948936	4.73829657748525e-06	Transcript
ENST00000439174	ENSG00000120063	GNA13	4.22913027865471	2.34596471949952e-05	4.22913027865471	2.3459647194995e-05	Transcript
ENST00000395366	ENSG00000213639	PPP1CB	4.32141527797216	1.55031578728487e-05	4.32141527797216	1.55031578728488e-05	Transcript
ENST00000470916	ENSG00000115239	ASB3	-3.96117547797609	7.45816955363408e-05	-3.96117547797609	7.45816955363407e-05	Transcript
ENST00000377577	ENSG00000007923	DNAJC11	-5.15881625620528	2.48516049372277e-07	-5.15881625620528	2.48516049372276e-07	Transcript
ENST00000545307	ENSG00000131966	ACTR10	3.95453525312779	7.66835649508718e-05	3.95453525312779	7.66835649508729e-05	Transcript
ENST00000549591	ENSG00000139323	POC1B	3.96998903730822	7.18759387796004e-05	3.96998903730822	7.18759387795992e-05	Transcript
ENST00000371754	ENSG00000124201	ZNFX1	-4.83581415393254	1.3260176893852e-06	-4.83581415393254	1.32601768938517e-06	Transcript
ENST00000368474	ENSG00000160710	ADAR	-4.13045776523345	3.62041605973324e-05	-4.13045776523345	3.62041605973328e-05	Transcript
ENST00000530328	ENSG00000254852	NPIPA2	4.16546110486078	3.10723897616142e-05	4.16546110486078	3.10723897616137e-05	Transcript
ENST00000604616	ENSG00000153291	SLC25A27	-3.82213483875113	0.0001323013087931	-3.82213483875113	0.0001323013087931	Transcript
ENST00000486719	ENSG00000156253	RWDD2B	3.54436237880132	0.0003935639074295	3.54436237880132	0.0003935639074295	Transcript
ENST00000395134	ENSG00000204220	PFDN6	-5.91107583663103	3.39880497226161e-09	-5.91107583663103	3.39880497226152e-09	Transcript
ENST00000580655	ENSG00000204650	CRHR1-IT1	-3.63970671361506	0.0002729487469437	4.03784518001634	5.3944434355439e-05	Transcript
ENST00000291232	ENSG00000159958	TNFRSF13C	-4.47382338525633	7.68332120939977e-06	-3.82207536685848	0.000132333228514	Transcript
ENST00000473909	ENSG00000169251	NMD3	4.38320412813884	1.16946439764361e-05	4.38320412813884	1.16946439764359e-05	Transcript
ENST00000615120	ENSG00000275784	RP5-1125A11.6	-3.65084089411527	0.0002613831310812	-3.65084089411527	0.0002613831310812	Transcript
ENST00000396398	ENSG00000198951	NAGA	6.6273961665735	3.41659798624052e-11	-1.19391471160865	0.23251133213475	Transcript
ENST00000459299	ENSG00000239039	SNORD13	-4.21855757787871	2.45870187635596e-05	-4.21855757787871	2.45870187635598e-05	Transcript
ENST00000437089	ENSG00000234127	TRIM26	-9.546051367728	1.34733946153333e-21	-15.7621059752548	5.6711245567074185e-56	Transcript
ENST00000275732	ENSG00000146830	GIGYF1	4.5713687426196	4.84548761510943e-06	4.5713687426196	4.84548761510941e-06	Transcript
ENST00000396634	ENSG00000206503	HLA-A	-9.61079774084691	7.19890553045142e-22	-6.5221862514411	6.928989682587459e-11	Transcript
ENST00000482652	ENSG00000196236	XPNPEP3	5.03491014715111	4.78073026085411e-07	5.03491014715111	4.7807302608542e-07	Transcript
ENST00000429383	ENSG00000131374	TBC1D5	-4.96629611392608	6.82437280765631e-07	-4.96629611392608	6.82437280765625e-07	Transcript
ENST00000573168	ENSG00000262319	CTC-457L16.2	5.34906015638482	8.84121533414577e-08	5.34906015638482	8.84121533414559e-08	Transcript
ENST00000339834	ENSG00000166275	BORCS7	5.22400134767072	1.75097503504764e-07	8.56581573096513	1.07313384784402e-17	Transcript
ENST00000618753	ENSG00000227258	SMIM2-AS1	3.64484690443086	0.0002675510225521	3.64484690443086	0.0002675510225521	Transcript
ENST00000624252	ENSG00000280128	XXbac-BPG283O16.9	-10.0237337398568	1.1988642641791101e-23	-14.7538741328627	2.90498775457458e-49	Transcript
ENST00000396263	ENSG00000204536	CCHCR1	-5.16594011336007	2.39233386102852e-07	4.99789534296094	5.79594252016813e-07	Transcript
ENST00000481670	ENSG00000115392	FANCL	-6.17320896717871	6.691767176229451e-10	-6.17320896717871	6.69176717622941e-10	Transcript
ENST00000433992	ENSG00000205702	CYP2D7	4.78833875543691	1.68167604452579e-06	5.62958071922597	1.80648216237282e-08	Transcript
ENST00000465690	ENSG00000026950	BTN3A1	-6.87675256449121	6.12323286922242e-12	0.847232114108173	0.396865756827735	Transcript
ENST00000553508	ENSG00000100731	PCNX1	-3.9446596373179	7.99134027909315e-05	-3.9446596373179	7.99134027909303e-05	Transcript
ENST00000400259	ENSG00000070831	CDC42	-4.4213988553507	9.80639657530734e-06	-4.4213988553507	9.80639657530719e-06	Transcript
ENST00000486321	ENSG00000196510	ANAPC7	5.76859774938155	7.99338440392304e-09	5.76859774938155	7.99338440392325e-09	Transcript
ENST00000482693	ENSG00000168066	SF1	-3.99728385142829	6.40734519698147e-05	-3.99728385142829	6.40734519698144e-05	Transcript
ENST00000506428	ENSG00000251396	LINC01301	-4.19546894960291	2.72307591221573e-05	-4.19546894960291	2.72307591221572e-05	Transcript
ENST00000399824	ENSG00000187860	CCDC157	4.17314616410668	3.0042207303828e-05	4.17314616410668	3.00422073038276e-05	Transcript
ENST00000504897	ENSG00000120314	WDR55	-5.04233573483784	4.59883489876077e-07	-5.04233573483784	4.59883489876086e-07	Transcript
ENST00000480730	ENSG00000231925	TAPBP	5.33107900089108	9.7630932395092e-08	5.33107900089108	9.76309323950906e-08	Transcript
ENST00000378182	ENSG00000204977	TRIM13	-3.78717692808463	0.0001523686069453	-3.78717692808463	0.0001523686069453	Transcript
ENST00000554337	ENSG00000226677	IGBP1P1	4.29614642700317	1.73792809018967e-05	4.29614642700317	1.73792809018967e-05	Transcript
ENST00000421553	ENSG00000197062	ZSCAN26	12.745211793514	3.3148934634660003e-37	18.5535752507219	7.630373683860249e-77	Transcript
ENST00000560338	ENSG00000100664	EIF5	4.60817468456464	4.06219322671202e-06	4.60817468456464	4.06219322671204e-06	Transcript
ENST00000432870	ENSG00000168781	PPIP5K1	-3.98993991473883	6.60900352137099e-05	4.12696697136068	3.67579163021967e-05	Transcript
ENST00000530101	ENSG00000172803	SNX32	3.94366637618732	8.02452740811368e-05	3.94366637618732	8.02452740811355e-05	Transcript
ENST00000338034	ENSG00000006744	ELAC2	4.68009155646102	2.86746834239136e-06	4.68009155646102	2.86746834239137e-06	Transcript
ENST00000324849	ENSG00000155975	VPS37A	-4.29336922913736	1.75981983847299e-05	-4.29336922913736	1.75981983847302e-05	Transcript
ENST00000592352	ENSG00000226742	HSBP1L1	4.01387997720132	5.97287262980641e-05	4.01387997720132	5.97287262980652e-05	Transcript
ENST00000375094	ENSG00000204308	RNF5	10.9784191784477	4.85342396188966e-28	6.38348208271347	1.73105857995483e-10	Transcript
ENST00000489417	ENSG00000197157	SND1	4.76676069086683	1.87211451764843e-06	4.76676069086683	1.87211451764839e-06	Transcript
ENST00000372490	ENSG00000204055	RP11-247A12.2	4.98380533016368	6.23458064404852e-07	4.98380533016368	6.23458064404852e-07	Transcript
ENST00000553286	ENSG00000126214	KLC1	-7.59779649853196	3.01215504082451e-14	-7.59779649853196	3.01215504082447e-14	Transcript
ENST00000460110	ENSG00000015676	NUDCD3	-3.9701545899857	7.18260139594175e-05	-3.9701545899857	7.18260139594168e-05	Transcript
ENST00000451085	ENSG00000173114	LRRN3	4.27540240552408	1.9079236635923e-05	4.27540240552408	1.90792366359231e-05	Transcript
ENST00000565981	ENSG00000103034	NDRG4	-6.14527443952603	7.98253751847332e-10	-6.14527443952603	7.98253751847345e-10	Transcript
ENST00000445506	ENSG00000038945	MSR1	-4.65843395756452	3.18623990685503e-06	-4.65843395756452	3.18623990685504e-06	Transcript
ENST00000396984	ENSG00000180596	HIST1H2BC	-3.41339532794556	0.0006415879921513	3.68800744348196	0.0002260170402862	Transcript
ENST00000484370	ENSG00000077782	FGFR1	6.08546452770741	1.16154040042337e-09	6.08546452770741	1.16154040042337e-09	Transcript
ENST00000279394	ENSG00000149930	TAOK2	-6.88635010686077	5.72420137732842e-12	-6.88635010686077	5.72420137732831e-12	Transcript
ENST00000324684	ENSG00000161542	PRPSAP1	-4.19223623510121	2.76218143636455e-05	-4.19223623510121	2.76218143636456e-05	Transcript
ENST00000273067	ENSG00000144583	MARCH4	4.12504599713964	3.70660671347541e-05	4.12504599713964	3.70660671347542e-05	Transcript
ENST00000311015	ENSG00000172687	ZNF738	3.94716488160811	7.90820971828158e-05	3.94716488160811	7.90820971828148e-05	Transcript
ENST00000260595	ENSG00000138028	CGREF1	-4.02909948294691	5.59909217934697e-05	-4.02909948294691	5.59909217934703e-05	Transcript
ENST00000361436	ENSG00000197958	RPL12	4.07389195808449	4.62339364491187e-05	4.07389195808449	4.62339364491189e-05	Transcript
ENST00000508906	ENSG00000186470	BTN3A2	11.9099377168248	1.05055702810652e-32	6.71408613633508	1.89248497919897e-11	Transcript
ENST00000521046	ENSG00000168300	PCMTD1	5.32687080269199	9.99191821915443e-08	5.32687080269199	9.99191821915449e-08	Transcript
ENST00000507110	ENSG00000112996	MRPS30	-4.52958531098643	5.90995678611276e-06	-4.52958531098643	5.90995678611264e-06	Transcript
ENST00000439562	ENSG00000227230	RP11-261C10.5	4.84340834121404	1.27630611985123e-06	4.84340834121404	1.27630611985122e-06	Transcript
e69820	ENSG00000143515	ATP8B2	4.5239806957286	6.06872620407074e-06	4.5239806957286	6.06872620407085e-06	Exon
e677535	ENSG00000166086	JAM3	-5.49035990887572	4.01115533922916e-08	-5.49035990887572	4.01115533922916e-08	Exon
e70103	ENSG00000143603	KCNN3	-4.80709747807652	1.53137333901475e-06	-4.80709747807652	1.53137333901474e-06	Exon
e298957	ENSG00000185477	GPRIN3	4.2243912968525	2.39587459148867e-05	4.2243912968525	2.39587459148868e-05	Exon
e384681	ENSG00000244731	C4A	11.7715817300054	5.46893738576408e-32	18.0530655080967	7.463113580418961e-73	Exon
e397423	ENSG00000151914	DST	-4.88836428033548	1.01677257059557e-06	-4.88836428033548	1.01677257059556e-06	Exon
e402351	ENSG00000065833	ME1	-4.9108535829134	9.0680781788415e-07	-4.9108535829134	9.06807817884171e-07	Exon
e361367	ENSG00000249484	LINC01470	5.24060423063509	1.60051652779025e-07	5.24060423063509	1.60051652779024e-07	Exon
e432369	ENSG00000105926	MPP6	-4.7062783100305	2.52280050348636e-06	-4.7062783100305	2.52280050348635e-06	Exon
e1137196	ENSG00000198911	SREBF2	-7.73119616276695	1.0654070273066e-14	-4.78875159128504	1.67822066708788e-06	Exon
e1137117	ENSG00000198911	SREBF2	-7.3910849417781	1.45635541058865e-13	-4.43021602994138	9.41387357577198e-06	Exon
e704278	ENSG00000066084	DIP2B	4.86828827028752	1.12569042596257e-06	4.86828827028752	1.12569042596257e-06	Exon
e125425	ENSG00000170802	FOXN2	-4.71897134075832	2.37040208212394e-06	-4.71897134075832	2.37040208212398e-06	Exon
e193292	ENSG00000066248	NGEF	-7.17224985002432	7.37751387723012e-13	-8.24791571010623	1.61180987899705e-16	Exon
e31182	ENSG00000178922	HYI	4.51281960961791	6.39714292198823e-06	4.51281960961791	6.39714292198834e-06	Exon
e1138290	ENSG00000186732	MPPED1	-4.0299311003695	5.5793204118531e-05	-4.0299311003695	5.57932041185318e-05	Exon
e263427	ENSG00000205981	DNAJC19	6.133	8.62371480345806e-10	6.133	8.62371480345792e-10	Exon
e147241	ENSG00000186522	SEPT10	5.14383135339944	2.69191206783432e-07	5.14383135339944	2.69191206783438e-07	Exon
e959831	ENSG00000008294	SPAG9	-4.34405625555789	1.39875671022072e-05	-4.34405625555789	1.39875671022075e-05	Exon
e384607	ENSG00000244731	C4A	11.1649187561463	6.05465298240092e-29	-28.4847214649234	1.81136405687508e-178	Exon
e902666	ENSG00000090863	GLG1	4.67832971705496	2.89221212368571e-06	4.67832971705496	2.89221212368569e-06	Exon
e181758	ENSG00000144401	METTL21A	-4.70155769436651	2.58184289961806e-06	-4.70155769436651	2.58184289961809e-06	Exon
e187121	ENSG00000115649	CNPPD1	-4.61030910304493	4.02070698424322e-06	-4.61030910304493	4.0207069842432e-06	Exon
e386426	ENSG00000204256	BRD2	-10.196613823534	2.0530600255384e-24	-14.7333855747181	3.93488653397455e-49	Exon
e758956	ENSG00000083535	PIBF1	4.25912594833278	2.05227815368104e-05	4.25912594833278	2.05227815368101e-05	Exon
e215858	ENSG00000178917	ZNF852	-4.68045017080796	2.86245679900691e-06	-4.68045017080796	2.86245679900688e-06	Exon
e251041	ENSG00000114054	PCCB	-6.79568493734949	1.07799132391026e-11	-6.79568493734949	1.0779913239102398e-11	Exon
e361415	ENSG00000155511	GRIA1	-4.45296706068825	8.46917511414368e-06	-4.45296706068825	8.46917511414382e-06	Exon
e824576	ENSG00000138593	SECISBP2L	5.41083379625602	6.27319742690353e-08	5.41083379625602	6.27319742690362e-08	Exon
e1137128	ENSG00000198911	SREBF2	-5.53716961885974	3.07398816482233e-08	11.1547980712936	6.784667903207e-29	Exon
e805055	ENSG00000166165	CKB	-6.68182830445808	2.3597941144955895e-11	-6.9568579736224	3.4794541200358497e-12	Exon
e864024	ENSG00000262246	CORO7	-5.68205673166632	1.33084497070379e-08	-5.68205673166632	1.33084497070377e-08	Exon
e654373	ENSG00000175582	RAB6A	-4.93657819989268	7.95051665495729e-07	-4.93657819989268	7.95051665495733e-07	Exon
e382626	ENSG00000204435	CSNK2B	-9.8802160494357	5.072343047080231e-23	-5.39400372359836	6.8904789008606e-08	Exon
e820542	ENSG00000140265	ZSCAN29	-4.13239452268634	3.59003526091884e-05	-6.21754555480204	5.04991577178979e-10	Exon
e352987	ENSG00000120733	KDM3B	-5.12052510517501	3.04686049693136e-07	-5.12052510517501	3.04686049693143e-07	Exon
e1137413	ENSG00000270083	e1137413	5.64785009178742	1.62466748127283e-08	-5.64788460185481	1.62434146812897e-08	Exon
e379629	ENSG00000066379	ZNRD1	6.67591578577255	2.45693032286401e-11	6.67591578577255	2.4569303228639494e-11	Exon
e176922	ENSG00000115896	PLCL1	5.65177423830629	1.58800076755202e-08	5.65177423830629	1.58800076755205e-08	Exon
e743282	ENSG00000051825	MPHOSPH9	-5.89032303676018	3.85441421309286e-09	8.42240997461152	3.68817836541573e-17	Exon
e820536	ENSG00000140265	ZSCAN29	-4.44649876957959	8.72811667932417e-06	-4.74945944569809	2.03961091513281e-06	Exon
e378175	ENSG00000261353	e378175	9.21268053944834	3.18080549750112e-20	6.59692979638449	4.1975940278050005e-11	Exon
e550313	ENSG00000106804	C5	4.34584141601052	1.38742783728337e-05	4.34584141601052	1.3874278372834e-05	Exon
e914722	ENSG00000074755	ZZEF1	-4.60392387370906	4.14604068698226e-06	-4.60392387370906	4.14604068698234e-06	Exon
e190561	ENSG00000153820	SPHKAP	5.23658327898003	1.63576451590051e-07	5.23658327898003	1.63576451590054e-07	Exon
e629085	ENSG00000149091	DGKZ	7.09704102614261	1.27456232480177e-12	7.09704102614261	1.27456232480179e-12	Exon
e956175	ENSG00000230532	e956175	4.66894495269784	3.02750478371461e-06	4.66894495269784	3.02750478371453e-06	Exon
e384611	ENSG00000244731	C4A	9.70444222147159	2.88650744770506e-22	-0.507128694243983	0.612064522773767	Exon
e439098	ENSG00000158604	TMED4	-4.73643648571856	2.1750886553891e-06	-4.73643648571856	2.17508865538907e-06	Exon
e328663	ENSG00000251141	e328663	-5.88307378819769	4.0271627320009105e-09	-5.88307378819769	4.02716273200096e-09	Exon
e425541	ENSG00000225968	ELFN1	-6.50318009293736	7.86395547608774e-11	-6.50318009293736	7.86395547608797e-11	Exon
e1104848	ENSG00000224924	LINC00320	5.2228392056127	1.76200384558065e-07	5.2228392056127	1.76200384558066e-07	Exon
e382628	ENSG00000204435	CSNK2B	-8.19776129853184	2.44905046660864e-16	6.21668526280913	5.07766797728893e-10	Exon
e432190	ENSG00000196335	STK31	4.91686789692991	8.79398508843854e-07	4.91686789692991	8.79398508843866e-07	Exon
e83972	ENSG00000116147	TNR	-4.97955709128863	6.3729951542702e-07	-4.97955709128863	6.37299515427006e-07	Exon
e1137195	ENSG00000198911	SREBF2	-6.82692076846107	8.67565776518465e-12	-8.13490774172841	4.1225217547266006e-16	Exon
e598705	ENSG00000138175	ARL3	-6.49302560426657	8.41293838488974e-11	-4.19247442186469	2.75928201160416e-05	Exon
e742591	ENSG00000130787	HIP1R	-4.42280694095737	9.74267936055549e-06	-10.3104358375831	6.321398894955081e-25	Exon
e387962	ENSG00000161896	IP6K3	6.79837057833721	1.0580900347384298e-11	6.79837057833721	1.05809003473842e-11	Exon
e232863	ENSG00000163634	THOC7	-6.08041436940963	1.19872356760933e-09	-6.08041436940963	1.19872356760933e-09	Exon
e805810	ENSG00000156414	TDRD9	-4.53111176838998	5.86740840602647e-06	-18.385186935167	1.72643595074251e-75	Exon
e805652	ENSG00000088808	PPP1R13B	6.48300850810219	8.991142568441819e-11	17.8181183549626	5.11275420896651e-71	Exon
e65171	ENSG00000143374	TARS2	-5.07755753114143	3.82317761201258e-07	-5.07755753114143	3.82317761201251e-07	Exon
e393236	ENSG00000112659	CUL9	4.74329275659393	2.10272048067769e-06	4.74329275659393	2.10272048067769e-06	Exon
e740108	ENSG00000157837	SPPL3	-4.50317907632683	6.69444282924202e-06	-4.50317907632683	6.69444282924214e-06	Exon
e498388	ENSG00000168300	PCMTD1	-4.38142203444153	1.17907235318581e-05	-4.38142203444153	1.1790723531858e-05	Exon
e645115	ENSG00000172922	RNASEH2C	-4.69428203345897	2.6754470580271e-06	-4.69428203345897	2.67544705802707e-06	Exon
e127959	ENSG00000115392	FANCL	-5.86639733789189	4.45365804421317e-09	-5.86639733789189	4.453658044213081e-09	Exon
e930521	ENSG00000263934	SNORD3A	4.97326059982717	6.58360632132737e-07	4.97326059982717	6.58360632132743e-07	Exon
e168027	ENSG00000138430	OLA1	4.97836873181882	6.41224092239857e-07	4.97836873181882	6.41224092239845e-07	Exon
e1136872	ENSG00000196419	XRCC6	-5.26794777361114	1.37957340920826e-07	-9.81366452472154	9.8331334175924e-23	Exon
e378153	ENSG00000112763	BTN2A1	-10.942	7.25808457681779e-28	-15.9368254959326	3.51775761865103e-57	Exon
e805649	ENSG00000088808	PPP1R13B	7.23936123245931	4.5080286004771e-13	-14.5286194130782	7.98128118493108e-48	Exon
e742786	ENSG00000150967	ABCB9	5.01794527270762	5.22270489754092e-07	5.11626438220796	3.11646155980979e-07	Exon
e588629	ENSG00000279814	e588629	-4.41777618046394	9.97216057648997e-06	-4.41777618046394	9.97216057649002e-06	Exon
e873696	ENSG00000169246	NPIPB3	-4.23479933819917	2.28755881877443e-05	-4.23479933819917	2.28755881877446e-05	Exon
e928246	ENSG00000175662	TOM1L2	-5.31400854970786	1.07239583523552e-07	-5.31400854970786	1.07239583523551e-07	Exon
e742761	ENSG00000150967	ABCB9	-7.14990764464604	8.68363036182386e-13	-10.4807580530334	1.05891531250081e-25	Exon
e385722	ENSG00000277427	e385722	-11.1685194392118	5.814191714370988e-29	-11.1685194392118	5.8141917143718e-29	Exon
e760343	ENSG00000139746	RBM26	-4.75399999999999	1.99431036574723e-06	-4.75399999999999	1.99431036574725e-06	Exon
e953553	ENSG00000238083	LRRC37A2	-4.66488074036619	3.08796077625367e-06	-4.66488074036619	3.0879607762537e-06	Exon
e408210	ENSG00000231889	TRAF3IP2-AS1	-4.81217687440752	1.49295132655547e-06	-4.81217687440752	1.49295132655546e-06	Exon
e1137207	ENSG00000159958	TNFRSF13C	-4.72600477743958	2.28980263224017e-06	-4.72600477743958	2.28980263224016e-06	Exon
e106939	ENSG00000117020	AKT3	-6.75463537493111	1.4319491239604699e-11	-6.75463537493111	1.4319491239604699e-11	Exon
e1091477	ENSG00000101452	DHX35	5.02429646917819	5.05281326014237e-07	5.02429646917819	5.05281326014247e-07	Exon
e402655	ENSG00000065609	SNAP91	6.72924763097774	1.70542600999693e-11	6.72924763097774	1.70542600999689e-11	Exon
e340343	ENSG00000248309	MEF2C-AS1	5.08923283972737	3.59514963874889e-07	5.08923283972737	3.59514963874889e-07	Exon
e714969	ENSG00000179912	R3HDM2	-4.87992882316315	1.06124133905826e-06	-4.87992882316315	1.06124133905825e-06	Exon
e1137376	ENSG00000198951	NAGA	6.97764395698684	3.0017118734870697e-12	6.82583583819069	8.74148458476115e-12	Exon
e805392	ENSG00000256053	APOPT1	7.01099999999999	2.36620735156111e-12	6.52834402140963	6.65008153580917e-11	Exon
e228124	ENSG00000163938	GNL3	5.35816386171993	8.40719749036874e-08	-9.94581242729145	2.63019003037861e-23	Exon
e741300	ENSG00000212694	LINC01089	-4.51399832764622	6.36167184971146e-06	-4.51399832764622	6.36167184971139e-06	Exon
e379829	ENSG00000243753	HLA-L	-10.8436498961211	2.13768641936143e-27	-10.8436498961211	2.13768641936056e-27	Exon
e960633	ENSG00000166263	STXBP4	4.81669292617526	1.45957040729368e-06	4.81669292617526	1.45957040729368e-06	Exon
e784892	ENSG00000126790	L3HYPDH	5.07858573012321	3.80254839530829e-07	5.07858573012321	3.8025483953082e-07	Exon
e880259	ENSG00000174938	SEZ6L2	-6.93419604560245	4.08537778903164e-12	-4.27409329229166	1.91916672018205e-05	Exon
e528137	ENSG00000164975	SNAPC3	4.57221221724388	4.82601789901121e-06	4.57221221724388	4.82601789901117e-06	Exon
e121058	ENSG00000218739	CEBPZOS	5.44933337518676	5.05589650532867e-08	5.44933337518676	5.05589650532874e-08	Exon
e936446	ENSG00000108587	GOSR1	-4.38799401153773	1.14400924941475e-05	-4.38799401153773	1.14400924941475e-05	Exon
e378567	ENSG00000197062	ZSCAN26	-11.7067585234602	1.1769360396433302e-31	17.156352746932	5.63426906876437e-66	Exon
e740082	ENSG00000157837	SPPL3	-4.61772455345804	3.87970756621531e-06	-4.61772455345804	3.87970756621538e-06	Exon
e343929	ENSG00000112893	MAN2A1	4.4384059480717	9.06275700042192e-06	4.4384059480717	9.06275700042207e-06	Exon
e744294	ENSG00000119242	CCDC92	5.03250874849172	4.84102507421404e-07	5.03250874849172	4.84102507421398e-07	Exon
e51209	ENSG00000188641	DPYD	6.02537801636013	1.687148252432e-09	6.02537801636013	1.68714825243195e-09	Exon
e386362	ENSG00000204256	BRD2	-9.31173597220332	1.25759815048626e-20	5.15365235543767	2.55461339721968e-07	Exon
e228085	ENSG00000163938	GNL3	5.65951028304575	1.51805553747532e-08	-7.65719371425442	1.90039877564144e-14	Exon
e386281	ENSG00000240065	PSMB9	-5.12829039625601	2.9238518926956e-07	-5.12829039625601	2.9238518926956e-07	Exon
e494199	ENSG00000077782	FGFR1	-6.85645887163511	7.05883905465584e-12	-6.85645887163511	7.0588390546558e-12	Exon
e1038173	ENSG00000268119	e1038173	4.27297888691451	1.92878726233243e-05	4.27297888691451	1.92878726233241e-05	Exon
e379846	ENSG00000231074	HCG18	-10.8018441802064	3.37358603186693e-27	-10.8018441802064	3.37358603186536e-27	Exon
e361530	ENSG00000055147	FAM114A2	5.33724001956024	9.4372077362716e-08	5.33724001956024	9.4372077362716e-08	Exon
e377784	ENSG00000186470	BTN3A2	8.50624603117034	1.7965551858180702e-17	-11.5703063213722	5.8274243970004e-31	Exon
e134706	ENSG00000163016	ALMS1P1	5.71321921983776	1.10858718653333e-08	5.71321921983776	1.10858718653332e-08	Exon
e1037139	ENSG00000167491	GATAD2A	-6.7378213152158	1.60779113423748e-11	-6.7378213152158	1.6077911342374198e-11	Exon
e792902	ENSG00000183379	SYNDIG1L	-4.5273657273157	5.97235256258875e-06	-4.5273657273157	5.97235256258888e-06	Exon
e1137942	ENSG00000128274	A4GALT	-4.85265823623743	1.21817516851409e-06	-13.7142475422312	8.34273899125504e-43	Exon
e845237	ENSG00000197978	GOLGA6L9	-5.92543641065572	3.11469096169896e-09	-5.92543641065572	3.11469096169905e-09	Exon
e1093220	ENSG00000166913	YWHAB	-3.99005522177447	6.60579138262919e-05	-3.99005522177447	6.60579138262931e-05	Exon
e742809	ENSG00000150967	ABCB9	4.16974372931279	3.04942343143689e-05	4.41325408994153	1.01828367860054e-05	Exon
e512918	ENSG00000104447	TRPS1	4.19662375085431	2.70923455789553e-05	4.19662375085431	2.70923455789549e-05	Exon
e519443	ENSG00000234616	JRK	4.77047291592471	1.83793898316332e-06	4.77047291592471	1.83793898316328e-06	Exon
e355338	ENSG00000113141	IK	6.07496142196313	1.2401753221183802e-09	6.07496142196313	1.24017532211834e-09	Exon
e189688	ENSG00000036257	CUL3	-4.80436526192787	1.55243200441584e-06	-4.80436526192787	1.55243200441584e-06	Exon
e821463	ENSG00000242866	STRC	-4.71468341735293	2.42086848285303e-06	2.00827192913395	0.0446144031251774	Exon
e377680	ENSG00000010704	HFE	4.00802800412373	6.12278614551752e-05	4.00802800412373	6.12278614551752e-05	Exon
e643506	ENSG00000014216	CAPN1	4.43215105093507	9.32976180624279e-06	4.43215105093507	9.32976180624279e-06	Exon
e829115	ENSG00000128923	FAM63B	-4.78286440278798	1.72814708569162e-06	-4.78286440278798	1.72814708569165e-06	Exon
e416215	ENSG00000112414	ADGRG6	-4.78991926055	1.66848434710216e-06	-4.78991926055	1.66848434710218e-06	Exon
e531939	ENSG00000122733	PHF24	-4.26676759300353	1.98325574873184e-05	-4.26676759300353	1.98325574873183e-05	Exon
e557589	ENSG00000204055	e557589	4.34589314228712	1.38710088350376e-05	4.34589314228712	1.38710088350378e-05	Exon
e1057328	ENSG00000012061	ERCC1	4.32164474661744	1.54870401487881e-05	4.32164474661744	1.54870401487878e-05	Exon
e1137394	ENSG00000183172	SMDT1	4.51141751629657	6.43958244936299e-06	-7.69191267660696	1.44951541026305e-14	Exon
e491022	ENSG00000120885	CLU	5.27669251058697	1.31536322243312e-07	5.27669251058697	1.31536322243313e-07	Exon
e381267	ENSG00000137411	VARS2	11.2902603991573	1.4660169913626998e-29	12.5263224786903	5.35905526421971e-36	Exon
e176481	ENSG00000065413	ANKRD44	-4.4651650316648	8.00070566345652e-06	-4.4651650316648	8.00070566345635e-06	Exon
e599613	ENSG00000148834	GSTO1	-4.34692059336246	1.38062173161811e-05	-4.34692059336246	1.38062173161809e-05	Exon
e892289	ENSG00000125107	CNOT1	5.85856215744914	4.668918635544531e-09	5.85856215744914	4.668918635544651e-09	Exon
e464513	ENSG00000173114	LRRN3	4.29984707330844	1.70916009382665e-05	4.29984707330844	1.70916009382666e-05	Exon
e382495	ENSG00000204463	BAG6	7.85233932389593	4.083478670191961e-15	7.85233932389593	4.083478670192111e-15	Exon
e823610	ENSG00000137872	SEMA6D	-4.8219075509374	1.4219184806755e-06	-4.8219075509374	1.42191848067551e-06	Exon
e898765	ENSG00000260914	e898765	4.74281939834784	2.10764155144842e-06	4.74281939834784	2.10764155144838e-06	Exon
e462580	ENSG00000135250	SRPK2	5.21789750945714	1.80965547092662e-07	5.21789750945714	1.80965547092665e-07	Exon
e377313	ENSG00000079691	LRRC16A	-7.0734012617614	1.5118150661174598e-12	-7.0734012617614	1.51181506611749e-12	Exon
e777539	ENSG00000092020	PPP2R3C	-4.11630157850578	3.85000477611763e-05	-4.11630157850578	3.85000477611769e-05	Exon
e223580	ENSG00000004534	RBM6	5.3265580577498	1.0009129738525e-07	5.3265580577498	1.00091297385248e-07	Exon
e228630	ENSG00000055955	ITIH4	-5.36589982594308	8.05466387663133e-08	11.2075096847112	3.74584385046414e-29	Exon
e377594	ENSG00000112343	TRIM38	-6.68103042804136	2.3726795169765094e-11	-6.68103042804136	2.3726795169765398e-11	Exon
e947815	ENSG00000068137	PLEKHH3	-4.52464494462033	6.0496980827767e-06	-4.52464494462033	6.04969808277668e-06	Exon
e624721	ENSG00000152219	ARL14EP	5.20530087879602	1.93682531426203e-07	5.20530087879602	1.93682531426199e-07	Exon
e385121	ENSG00000168477	TNXB	12.9412341401954	2.63364437055433e-38	7.60823451913473	2.7786531048777e-14	Exon
e805268	ENSG00000126214	KLC1	6.01534748592306	1.79501232945519e-09	8.81479356236252	1.19905794149841e-18	Exon
e913103	ENSG00000167721	TSR1	5.02126481335813	5.13323301370173e-07	5.02126481335813	5.13323301370177e-07	Exon
e6964	ENSG00000007923	DNAJC11	-4.68936178124996	2.74058477734972e-06	-4.68936178124996	2.7405847773497e-06	Exon
e484949	ENSG00000038945	MSR1	-5.05934580456469	4.2069731700897e-07	-5.05934580456469	4.20697317008968e-07	Exon
e880548	ENSG00000169592	INO80E	7.07673043483801	1.47595235791721e-12	4.50165661948204	6.74258522527109e-06	Exon
e142199	ENSG00000114988	LMAN2L	-4.323	1.53921733638022e-05	-4.323	1.53921733638023e-05	Exon
e805702	ENSG00000088808	PPP1R13B	6.13866742467619	8.32165779652883e-10	-11.4425201733648	2.5632968058706896e-30	Exon
e1137520	ENSG00000100197	CYP2D6	-5.25341433244541	1.49305138320853e-07	11.8168757928556	3.19340825184582e-32	Exon
e378415	ENSG00000281706	LINC01012	-4.10581865371412	4.02885469315551e-05	-4.10581865371412	4.02885469315548e-05	Exon
e1078055	ENSG00000101307	SIRPB1	4.11546841391036	3.86393911002183e-05	4.11546841391036	3.86393911002177e-05	Exon
e962770	ENSG00000182628	SKA2	5.21552606613391	1.832962809456e-07	5.21552606613391	1.83296280945596e-07	Exon
e490639	ENSG00000120899	PTK2B	-5.31191533386971	1.08479003414935e-07	-5.31191533386971	1.08479003414936e-07	Exon
e225747	ENSG00000041880	PARP3	4.72491100251648	2.3021615647138e-06	4.72491100251648	2.3021615647138e-06	Exon
e1128037	ENSG00000099995	SF3A1	4.05540111162363	5.00483431367476e-05	4.05540111162363	5.0048343136747e-05	Exon
e791770	ENSG00000133961	NUMB	-4.38127874055645	1.17984816980799e-05	-4.38127874055645	1.17984816980799e-05	Exon
e980657	ENSG00000141564	RPTOR	-4.64403642228992	3.41667288390887e-06	-4.64403642228992	3.4166728839088e-06	Exon
e378822	ENSG00000263426	RN7SL471P	7.39006448283837	1.46757624606809e-13	7.39006448283837	1.4675762460681e-13	Exon
e743424	ENSG00000111328	CDK2AP1	-5.36648512229567	8.02858196641129e-08	7.02031929262849	2.21361792311347e-12	Exon
e513191	ENSG00000164758	MED30	-4.83625087329965	1.32310915392516e-06	-4.83625087329965	1.32310915392515e-06	Exon
e381764	ENSG00000234745	HLA-B	-4.33761331912726	1.44038275517556e-05	-4.33761331912726	1.44038275517553e-05	Exon
e383350	ENSG00000235663	SAPCD1-AS1	-3.97354352716494	7.08112105781138e-05	-3.97354352716494	7.08112105781144e-05	Exon
e483241	ENSG00000147324	MFHAS1	4.373466963688	1.22288757934e-05	4.373466963688	1.22288757933998e-05	Exon
e381143	ENSG00000137411	VARS2	11.8700105354726	1.69446291792134e-32	13.7213180995411	7.56769944505373e-43	Exon
e1107940	ENSG00000205726	ITSN1	4.29800000000001	1.72346163350442e-05	4.29800000000001	1.72346163350438e-05	Exon
e1140483	ENSG00000184164	CRELD2	4.50629350707424	6.5969821639665e-06	4.50629350707424	6.59698216396636e-06	Exon
e801720	ENSG00000100749	VRK1	-4.26818629242972	1.97068721481512e-05	-4.26818629242972	1.97068721481514e-05	Exon
e743673	ENSG00000111364	DDX55	4.3809480055092	1.1816406841883e-05	7.71071139942374	1.25118313863802e-14	Exon
e1105713	ENSG00000156253	RWDD2B	3.61364559598534	0.0003019216871104	3.61364559598534	0.0003019216871104	Exon
e93413	ENSG00000117222	RBBP5	5.01444080945283	5.31879225215321e-07	5.01444080945283	5.31879225215326e-07	Exon
e83273	ENSG00000117593	DARS2	4.65251615074765	3.27909046431546e-06	4.65251615074765	3.27909046431553e-06	Exon
e379580	ENSG00000204623	ZNRD1ASP	-6.42841908307276	1.2893785740328e-10	-6.42841908307276	1.28937857403283e-10	Exon
e1064091	ENSG00000104870	FCGRT	5.70600000000001	1.15661997894124e-08	5.70600000000001	1.15661997894125e-08	Exon
e354221	ENSG00000279686	e354221	4.29254516479658	1.76636605458147e-05	4.29254516479658	1.76636605458144e-05	Exon
e64464	ENSG00000277147	LINC00869	4.74624902932123	2.0722355987281e-06	4.74624902932123	2.07223559872808e-06	Exon
e89424	ENSG00000203721	LINC00862	4.47261466144669	7.7268943642967e-06	4.47261466144669	7.72689436429657e-06	Exon
e153849	ENSG00000136002	ARHGEF4	-4.6321448037223	3.61896881332544e-06	-4.6321448037223	3.61896881332544e-06	Exon
e377741	ENSG00000158406	HIST1H4H	-6.42864582475168	1.2874570838529e-10	-13.668873618656	1.55787991654722e-42	Exon
e490885	ENSG00000120915	EPHX2	-4.34462845075806	1.39511590806931e-05	-4.34462845075806	1.39511590806928e-05	Exon
e734576	ENSG00000111237	VPS29	-5.88572228936558	3.96319312654137e-09	-5.88572228936558	3.96319312654141e-09	Exon
e552823	ENSG00000167081	PBX3	4.50169890639214	6.7412435887256e-06	4.50169890639214	6.74124358872571e-06	Exon
e1061927	ENSG00000142233	NTN5	4.84356861999177	1.27527650141905e-06	4.84356861999177	1.27527650141905e-06	Exon
e537473	ENSG00000198887	SMC5	-4.32044539774923	1.55714584153152e-05	-4.32044539774923	1.55714584153155e-05	Exon
e378465	ENSG00000219891	ZSCAN12P1	11.6662296120769	1.8964322592279704e-31	-8.55024931455747	1.2282291753821101e-17	Exon
e192835	ENSG00000204120	GIGYF2	-4.7230992065047	2.32277470256196e-06	4.29033169696782	1.78406448933606e-05	Exon
e516016	ENSG00000153317	ASAP1	-5.28772584039149	1.23846409470227e-07	-5.28772584039149	1.23846409470227e-07	Exon
e378464	ENSG00000219891	ZSCAN12P1	9.53695423406127	1.47088719570867e-21	11.9612199527975	5.67224035608347e-33	Exon
e125125	ENSG00000095002	MSH2	4.4629881126035	8.08245385799661e-06	4.4629881126035	8.08245385799667e-06	Exon
e301656	ENSG00000164037	SLC9B1	-4.34247505799094	1.4088648417753e-05	-4.34247505799094	1.4088648417753e-05	Exon
e7511	ENSG00000142599	RERE	5.61550515985357	1.95988807775223e-08	5.61550515985357	1.95988807775227e-08	Exon
e805143	ENSG00000126214	KLC1	-7.48516392732844	7.14578877756374e-14	13.4568630156775	2.80577318666803e-41	Exon
e228095	ENSG00000163938	GNL3	6.74950757641144	1.4834776390365398e-11	14.1811625534216	1.19844571298556e-45	Exon
e1104247	ENSG00000180530	NRIP1	3.775	0.0001600076635022	3.775	0.0001600076635022	Exon
e740716	ENSG00000110931	CAMKK2	-4.35100594840494	1.3551437543568e-05	-4.35100594840494	1.35514375435682e-05	Exon
e116462	ENSG00000138028	CGREF1	-4.86761676103106	1.12952098710961e-06	-4.86761676103106	1.12952098710959e-06	Exon
e378211	ENSG00000181315	ZNF322	8.36102662127631	6.21748134761566e-17	-8.92736977817165	4.3625722012891e-19	Exon
e126430	ENSG00000068878	PSME4	4.47840974346235	7.52011533613308e-06	4.47840974346235	7.52011533613317e-06	Exon
e450673	ENSG00000135164	DMTF1	-6.21423492831047	5.157531677741491e-10	-6.21423492831047	5.15753167774134e-10	Exon
e192946	ENSG00000204120	GIGYF2	-4.55998746279203	5.1156674869224e-06	-5.49465215100181	3.9148128177602e-08	Exon
e226875	ENSG00000168237	GLYCTK	5.49670277142863	3.86958096600061e-08	8.66811340797639	4.393390235630029e-18	Exon
e38374	ENSG00000162384	C1orf123	4.68514633046539	2.79759986756622e-06	4.68514633046539	2.79759986756624e-06	Exon
e846180	ENSG00000259404	EFTUD1P1	-5.48561560314114	4.12031995731964e-08	-5.48561560314114	4.12031995731966e-08	Exon
e379981	ENSG00000241370	RPP21	11.2852918295653	1.55125893063698e-29	-6.1332294843919	8.61127885713137e-10	Exon
e229039	ENSG00000163931	TKT	5.04572017403551	4.51816260591639e-07	15.273625005242	1.14620211144836e-52	Exon
e1136550	ENSG00000235513	e1136550	4.57981162477283	4.6539490085049e-06	4.57981162477283	4.65394900850494e-06	Exon
e591851	ENSG00000138182	KIF20B	4.68593164828926	2.7868926809614e-06	4.68593164828926	2.78689268096143e-06	Exon
e1101541	ENSG00000125534	PPDPF	4.4750907801477	7.63788538339131e-06	4.4750907801477	7.63788538339125e-06	Exon
e677213	ENSG00000120451	SNX19	6.1064732654941	1.01856688138845e-09	6.1064732654941	1.01856688138845e-09	Exon
e426023	ENSG00000106012	IQCE	-4.52308109690119	6.09458750333405e-06	-4.52308109690119	6.09458750333398e-06	Exon
e1135254	ENSG00000100321	SYNGR1	-5.03578175115508	4.75902552295012e-07	-5.03578175115508	4.75902552295023e-07	Exon
e99459	ENSG00000162909	CAPN2	-4.66915331339239	3.02443617354116e-06	-4.66915331339239	3.02443617354111e-06	Exon
e228112	ENSG00000163938	GNL3	5.998279471434	1.99419102764458e-09	7.26346301998566	3.7730362294348e-13	Exon
e596099	ENSG00000119943	PYROXD2	-4.17609575668726	2.96555023026966e-05	-4.17609575668726	2.96555023026971e-05	Exon
e823604	ENSG00000137872	SEMA6D	-5.08908911394929	3.59787520575436e-07	-5.08908911394929	3.59787520575428e-07	Exon
e386574	ENSG00000224557	HLA-DPB2	3.95964839507151	7.50601918925936e-05	3.95964839507151	7.50601918925928e-05	Exon
e1010344	ENSG00000104904	OAZ1	4.74483751901852	2.08673765971155e-06	4.74483751901852	2.0867376597115e-06	Exon
e383728	ENSG00000204371	EHMT2	9.69195086264404	3.26236665785232e-22	4.22998240377905	2.33709592128675e-05	Exon
e228090	ENSG00000163938	GNL3	6.40889882963709	1.46574413260996e-10	4.86390507920351	1.15092123814224e-06	Exon
e804823	ENSG00000075413	MARK3	-6.65865813964875	2.76338853425256e-11	15.0811858914256	2.15365636797804e-51	Exon
e177288	ENSG00000162971	TYW5	-7.96167813952956	1.6972149079797802e-15	-7.96167813952956	1.6972149079798403e-15	Exon
e1096028	ENSG00000124214	STAU1	-5.10094715207111	3.37957928035504e-07	-5.10094715207111	3.37957928035496e-07	Exon
e805642	ENSG00000088808	PPP1R13B	7.05624833513487	1.71058010084687e-12	6.4924846743717	8.443211042911278e-11	Exon
e666774	ENSG00000149294	NCAM1	5.21072543631339	1.88103656989509e-07	5.21072543631339	1.88103656989507e-07	Exon
e925428	ENSG00000006744	ELAC2	4.735	2.19055099039813e-06	4.735	2.19055099039814e-06	Exon
e790442	ENSG00000197555	SIPA1L1	4.135156931366	3.54712155088516e-05	4.135156931366	3.54712155088513e-05	Exon
e598854	ENSG00000214435	AS3MT	7.81950734514786	5.30304677606075e-15	6.04666481633882	1.47874951144381e-09	Exon
e228120	ENSG00000163938	GNL3	6.41287281717764	1.42802650911094e-10	-13.5293586246934	1.04935167806427e-41	Exon
e640761	ENSG00000110011	DNAJC4	-4.37941194078626	1.18999995644617e-05	-4.37941194078626	1.18999995644617e-05	Exon
e1000599	ENSG00000196628	TCF4	-5.34276590297835	9.1538949000418e-08	-5.34276590297835	9.1538949000417e-08	Exon
e897848	ENSG00000103064	SLC7A6	-5.19559158388399	2.04069839328741e-07	-5.19559158388399	2.04069839328737e-07	Exon
e633751	ENSG00000213593	TMX2	4.86721200493724	1.13183593537931e-06	4.86721200493724	1.13183593537932e-06	Exon
e805020	ENSG00000075413	MARK3	-5.70914916523577	1.13542347956368e-08	-15.5078797761853	3.06844858354031e-54	Exon
e378691	ENSG00000158691	ZSCAN12	-11.6034495622451	3.95796151776506e-31	11.5337081961471	8.9216352476149e-31	Exon
e1137337	ENSG00000183066	WBP2NL	6.38106918915621	1.75855827026015e-10	12.6168727366336	1.70456832225421e-36	Exon
e134605	ENSG00000116127	ALMS1	5.2383110683149	1.62052755845244e-07	5.2383110683149	1.62052755845242e-07	Exon
e331488	ENSG00000049167	ERCC8	6.60991426608495	3.84542660745312e-11	6.60991426608495	3.84542660745314e-11	Exon
e849782	ENSG00000140564	FURIN	-4.85550003795095	1.20083331392714e-06	-4.85550003795095	1.20083331392714e-06	Exon
e1136334	ENSG00000196236	XPNPEP3	4.94492715014455	7.61723444570184e-07	9.98066188231737	1.8522702911259e-23	Exon
j1620	ENSG00000092847	AGO1	-4.38364641995023	1.1670914325056e-05	-4.38364641995023	1.16709143250558e-05	Junction
j3417	ENSG00000117569	PTBP2	6.2833275321764	3.31401826925976e-10	6.2833275321764	3.31401826925967e-10	Junction
j4551	ENSG00000023902	PLEKHO1	-6.01088972590341	1.8450788389684398e-09	-6.01088972590341	1.8450788389684e-09	Junction
j4668	ENSG00000143458	GABPB2	4.34652074260752	1.3831397696377e-05	4.34652074260752	1.3831397696377e-05	Junction
j5642	ENSG00000117593	DARS2	5.44610319838118	5.14852728378365e-08	5.44610319838118	5.1485272837836e-08	Junction
j6524			-4.80178229627727	1.5725961224999e-06	-4.80178229627727	1.57259612249993e-06	Junction
j6650	ENSG00000117335	CD46	4.27253191891432	1.93265878008596e-05	4.27253191891432	1.93265878008594e-05	Junction
j6651	ENSG00000117335	CD46	4.6527347999605	3.27561415656852e-06	4.6527347999605	3.27561415656846e-06	Junction
j8179	ENSG00000142599	RERE	5.66286870384191	1.4886306271664e-08	5.66286870384191	1.48863062716636e-08	Junction
j10026	ENSG00000178922	HYI	4.23060033471728	2.33068454941526e-05	4.23060033471728	2.33068454941523e-05	Junction
j10452	ENSG00000162384	C1orf123	4.58872013107678	4.45971859457005e-06	4.58872013107678	4.45971859457009e-06	Junction
j11385	ENSG00000188641	DPYD	5.01768074596533	5.22989904428199e-07	5.01768074596533	5.22989904428197e-07	Junction
j12587	ENSG00000143603	KCNN3	-5.10639714409196	3.28359209046731e-07	-5.10639714409196	3.28359209046725e-07	Junction
j12843	ENSG00000160803	UBQLN4	-4.34347844227705	1.40244245443914e-05	-4.34347844227705	1.40244245443913e-05	Junction
j13954	ENSG00000117222	RBBP5	4.94418441387254	7.64632968751238e-07	4.94418441387254	7.64632968751238e-07	Junction
j15010	ENSG00000117020	AKT3	-6.03506887980121	1.58894896390048e-09	4.70145948807756	2.58308517250328e-06	Junction
j15012	ENSG00000117020	AKT3	-6.33584844873466	2.36038715805937e-10	-6.02734148207508	1.66678594783675e-09	Junction
j15019	ENSG00000117020	AKT3	-7.12170832488323	1.06597458310992e-12	-7.0102248006288	2.37935513027924e-12	Junction
j16665	ENSG00000185737	NRG3	4.08024362027192	4.49885251339839e-05	4.08024362027192	4.49885251339832e-05	Junction
j17384			-7.63017008007673	2.34444203611665e-14	8.2897357986823	1.13500295232215e-16	Junction
j17392	ENSG00000214435	AS3MT	7.47616106827998	7.6525155999188e-14	-7.31994075187886	2.48080461857367e-13	Junction
j17393	ENSG00000270316	BORCS7-ASMT	-9.57971915123065	9.7309180340918e-22	-12.6827216062961	7.3726685412662704e-37	Junction
j17396	ENSG00000270316	BORCS7-ASMT	4.33376064323044	1.46583546631601e-05	11.6066167554396	3.8141000423015903e-31	Junction
j17489	ENSG00000148834	GSTO1	-4.31631492533733	1.58655584392717e-05	-4.31631492533733	1.58655584392721e-05	Junction
j20368	ENSG00000077147	TM9SF3	-4.01843003528038	5.85871997340946e-05	-4.01843003528038	5.85871997340938e-05	Junction
j20846	ENSG00000138175	ARL3	5.99202994144714	2.07237757689432e-09	5.8036916284737	6.48705353254031e-09	Junction
j22705	ENSG00000149091	DGKZ	6.90731324539513	4.93918525439288e-12	6.90731324539513	4.939185254393e-12	Junction
j23341	ENSG00000213465	ARL2	4.57226779513723	4.8247376429415e-06	4.57226779513723	4.82473764294148e-06	Junction
j25569	ENSG00000023171	GRAMD1B	-5.2151464645201	1.83672050286639e-07	-5.2151464645201	1.83672050286639e-07	Junction
j27863	ENSG00000110046	ATG2A	-4.40343371359937	1.06550850088318e-05	-4.40343371359937	1.06550850088317e-05	Junction
j27965	ENSG00000172922	RNASEH2C	-4.59886657088124	4.24795730517803e-06	-4.59886657088124	4.2479573051781e-06	Junction
j28429	ENSG00000175582	RAB6A	-4.32308556330905	1.53862026227776e-05	-4.32308556330905	1.53862026227779e-05	Junction
j29779	ENSG00000120451	SNX19	5.30552663240994	1.12348162634572e-07	5.30552663240994	1.12348162634573e-07	Junction
j29863	ENSG00000109956	B3GAT1	-4.08629790384885	4.38310930207871e-05	-4.08629790384885	4.38310930207864e-05	Junction
j29997	ENSG00000151067	CACNA1C	-5.38029330244463	7.43645790061724e-08	-5.38029330244463	7.43645790061735e-08	Junction
j31202	ENSG00000167588	GPD1	4.00571806192852	6.18293631190104e-05	4.00571806192852	6.18293631190097e-05	Junction
j32353	ENSG00000121749	TBC1D15	-3.94041480718956	8.13408344301185e-05	-3.94041480718956	8.13408344301197e-05	Junction
j33642	ENSG00000175970	UNC119B	4.01768820569848	5.87718907544414e-05	4.01768820569848	5.87718907544421e-05	Junction
j33852	ENSG00000182196	ARL6IP4	-6.89879354194929	5.24460263694972e-12	-6.89879354194929	5.2446026369496494e-12	Junction
j33942			4.84779115737355	1.24843725225575e-06	4.84779115737355	1.24843725225576e-06	Junction
j36367			-4.13849248680075	3.4959531865018e-05	-4.13849248680075	3.49595318650177e-05	Junction
j36614	ENSG00000153233	PTPRR	5.64735097874877	1.62938966397913e-08	5.64735097874877	1.62938966397915e-08	Junction
j37367	ENSG00000139428	MMAB	4.0870712838444	4.36852925066203e-05	4.0870712838444	4.36852925066205e-05	Junction
j37407	ENSG00000196510	ANAPC7	4.34386189446648	1.39999546462703e-05	4.34386189446648	1.39999546462704e-05	Junction
j38027	ENSG00000157837	SPPL3	-4.44062304423595	8.96987992381168e-06	-4.44062304423595	8.96987992381182e-06	Junction
j38167	ENSG00000033030	ZCCHC8	4.92894782247659	8.26736483966653e-07	4.92894782247659	8.26736483966664e-07	Junction
j39291	ENSG00000179630	LACC1	-4.29761587888602	1.72645009977386e-05	-4.29761587888602	1.7264500997739e-05	Junction
j39553	ENSG00000083535	PIBF1	4.22911702777045	2.34610288537532e-05	4.22911702777045	2.34610288537533e-05	Junction
j40108	ENSG00000169062	UPF3A	-4.37163726750273	1.23318280821694e-05	-4.37163726750273	1.23318280821693e-05	Junction
j40823	ENSG00000136144	RCBTB1	-4.34244980575549	1.4090268356965e-05	-4.34244980575549	1.40902683569652e-05	Junction
j41160	ENSG00000139746	RBM26	4.82312905793149	1.41323463458749e-06	4.82312905793149	1.41323463458748e-06	Junction
j43206	ENSG00000197555	SIPA1L1	4.53774022541563	5.68602419300964e-06	4.53774022541563	5.68602419300962e-06	Junction
j45008	ENSG00000184304	PRKD1	4.20095763879142	2.65788324397728e-05	4.20095763879142	2.65788324397734e-05	Junction
j46195	ENSG00000183379	SYNDIG1L	-4.62801936013462	3.69179511714001e-06	-4.62801936013462	3.69179511714001e-06	Junction
j46969	ENSG00000166165	CKB	-7.44076766392115	1.00101868545522e-13	-7.44076766392115	1.00101868545523e-13	Junction
j48110	ENSG00000166946	CCNDBP1	-4.19108482839434	2.77623829504732e-05	-4.10062182162861	4.12041455618e-05	Junction
j48165	ENSG00000237289	CKMT1B	4.08310724605618	4.4437502457273e-05	6.26086194068245	3.82855366661331e-10	Junction
j48172	ENSG00000223572	CKMT1A	4.10808828188611	3.98947618686677e-05	-5.01858055183182	5.20546661627635e-07	Junction
j48274	ENSG00000137872	SEMA6D	-4.95078180225165	7.39159407483332e-07	-4.95078180225165	7.39159407483349e-07	Junction
j48789	ENSG00000137764	MAP2K5	4.32891305669663	1.49847071679804e-05	4.32891305669663	1.49847071679808e-05	Junction
j49078	ENSG00000166426	CRABP1	4.34355432626178	1.40195787931044e-05	4.34355432626178	1.40195787931044e-05	Junction
j49220	ENSG00000278202	RP11-152F13.8	-4.86290914004347	1.15672953086981e-06	-4.86290914004347	1.1567295308698e-06	Junction
j49285	ENSG00000259404	EFTUD1P1	-5.552	2.82419594786205e-08	-5.552	2.82419594786211e-08	Junction
j50589	ENSG00000140265	ZSCAN29	-4.55175237862521	5.32009291328776e-06	-5.9689373210833	2.3880382138303e-09	Junction
j50869	ENSG00000138593	SECISBP2L	5.30019511214753	1.15678991013306e-07	5.30019511214753	1.15678991013307e-07	Junction
j51256	ENSG00000137845	ADAM10	4.65746280567714	3.20130237439841e-06	4.65746280567714	3.20130237439848e-06	Junction
j51284			-3.97799250783464	6.94995611111469e-05	-3.97799250783464	6.94995611111458e-05	Junction
j51419	ENSG00000129003	VPS13C	3.89774184713645	9.70938384136457e-05	3.89774184713645	9.70938384136462e-05	Junction
j52243	ENSG00000080644	CHRNA3	-4.04336724001861	5.26889956136361e-05	-4.04336724001861	5.26889956136363e-05	Junction
j52642	ENSG00000184277	TM2D3	3.949909374858	7.81807887628246e-05	3.949909374858	7.81807887628246e-05	Junction
j53556	ENSG00000254852	NPIPA2	4.04151486303672	5.31070143438262e-05	4.04151486303672	5.31070143438269e-05	Junction
j54728	ENSG00000155393	HEATR3	-4.73269269968421	2.21560794628107e-06	-4.73269269968421	2.21560794628108e-06	Junction
j55388	ENSG00000132600	PRMT7	5.14997448847185	2.60521892836834e-07	5.14997448847185	2.60521892836836e-07	Junction
j55467	ENSG00000260914	RP11-343C2.11	4.55463696152965	5.24761256187674e-06	4.55463696152965	5.24761256187676e-06	Junction
j56684	ENSG00000089486	CDIP1	5.55180765033905	2.8273059735404e-08	5.55180765033905	2.82730597354045e-08	Junction
j57348	ENSG00000185710	SMG1P4	4.56975848292325	4.88286593869396e-06	4.56975848292325	4.88286593869388e-06	Junction
j57668	ENSG00000205534	SMG1P2	-4.33002333578845	1.49093541404848e-05	-4.33002333578845	1.49093541404845e-05	Junction
j57688	ENSG00000174938	SEZ6L2	-6.935	4.06221160960728e-12	-6.935	4.0622116096074e-12	Junction
j58389	ENSG00000181019	NQO1	-4.63133781402459	3.63310533456004e-06	-4.63133781402459	3.63310533456009e-06	Junction
j58714	ENSG00000090863	GLG1	4.57478743760128	4.7670372457537e-06	4.57478743760128	4.7670372457536e-06	Junction
j60147	ENSG00000128487	SPECC1	-4.33863970757882	1.4336733496321e-05	-4.33863970757882	1.43367334963211e-05	Junction
j60386	ENSG00000108582	CPD	4.29222457622704	1.76891901479988e-05	4.29222457622704	1.7689190147999e-05	Junction
j61417	ENSG00000176681	LRRC37A	-4.37108044898666	1.2363322628214e-05	-4.37108044898666	1.2363322628214e-05	Junction
j61590	ENSG00000159199	ATP5G1	3.96329788600471	7.39214488655312e-05	3.96329788600471	7.392144886553e-05	Junction
j62959	ENSG00000141564	RPTOR	-4.2668569629893	1.98246175504792e-05	-4.2668569629893	1.98246175504797e-05	Junction
j63528	ENSG00000261963	CCDC92B	4.8812921363413	1.05392975796223e-06	4.8812921363413	1.05392975796223e-06	Junction
j63694	ENSG00000132388	UBE2G1	-4.08711670841928	4.3676743214244e-05	-4.08711670841928	4.36767432142436e-05	Junction
j64195	ENSG00000006744	ELAC2	4.7664071277709	1.87540115485296e-06	4.7664071277709	1.87540115485298e-06	Junction
j64377	ENSG00000175662	TOM1L2	-5.18500000000001	2.16014865312923e-07	-5.18500000000001	2.16014865312918e-07	Junction
j65867	ENSG00000225190	PLEKHM1	-4.70256034540879	2.56919250878291e-06	-4.70256034540879	2.56919250878292e-06	Junction
j65990	ENSG00000159210	SNF8	4.09	4.3137318896362e-05	4.09	4.31373188963612e-05	Junction
j68437	ENSG00000167216	KATNAL2	-4.14853531626071	3.34609233211211e-05	-4.14853531626071	3.34609233211214e-05	Junction
j68920	ENSG00000261126	RP11-795F19.1	-3.99760888623956	6.39855600791008e-05	-3.99760888623956	6.39855600791006e-05	Junction
j69824	ENSG00000265681	RPL17	4.31829201657982	1.57241299599032e-05	4.31829201657982	1.57241299599031e-05	Junction
j71258	ENSG00000171291	ZNF439	3.90434670511633	9.44802556569123e-05	3.90434670511633	9.44802556569119e-05	Junction
j71953	ENSG00000167491	GATAD2A	-6.50996133566297	7.5170150724763e-11	-6.50996133566297	7.51701507247635e-11	Junction
j71970	ENSG00000250067	YJEFN3	4.73999999999999	2.13718218909192e-06	4.73999999999999	2.13718218909197e-06	Junction
j72014	ENSG00000196268	ZNF493	3.98843326759092	6.65111066646552e-05	3.98843326759092	6.65111066646548e-05	Junction
j73675	ENSG00000169169	CPT1C	4.40535635132075	1.0561011894254e-05	4.40535635132075	1.05610118942538e-05	Junction
j78426	ENSG00000084774	CAD	-5.50345700679413	3.72415380238017e-08	-5.50345700679413	3.72415380238019e-08	Junction
j79121	ENSG00000170802	FOXN2	-4.46312225377623	8.07739355718924e-06	-4.46312225377623	8.07739355718927e-06	Junction
j79209	ENSG00000115306	SPTBN1	4.73070861940214	2.23737467548442e-06	4.73070861940214	2.23737467548445e-06	Junction
j79734			5.25100000000001	1.51275679928321e-07	5.25100000000001	1.51275679928324e-07	Junction
j79736	ENSG00000163016	ALMS1P1	5.53316007931971	3.14512182875385e-08	5.53316007931971	3.14512182875385e-08	Junction
j81736	ENSG00000077380	DYNC1I2	-4.18890459418984	2.8030420464481e-05	-4.18890459418984	2.80304204644811e-05	Junction
j85088	ENSG00000143933	CALM2	-4.33627568383004	1.44917170285899e-05	-4.33627568383004	1.44917170285899e-05	Junction
j85358	ENSG00000115392	FANCL	-5.5347932149847	3.11595751571553e-08	-5.5347932149847	3.11595751571549e-08	Junction
j85740			-4.23374777663562	2.29828700897899e-05	-4.23374777663562	2.29828700897904e-05	Junction
j85771	ENSG00000144040	SFXN5	4.57102598967795	4.85342077353423e-06	4.57102598967795	4.85342077353431e-06	Junction
j86390	ENSG00000144199	FAHD2B	4.48199458240975	7.39486214016407e-06	4.48199458240975	7.39486214016398e-06	Junction
j86707	ENSG00000186522	SEPT10	4.85993396402933	1.17424914395898e-06	4.85993396402933	1.174249143959e-06	Junction
j87470	ENSG00000283228	CTD-2021K4.1	4.5005071478275	6.77915249643773e-06	4.5005071478275	6.77915249643775e-06	Junction
j88759	ENSG00000162944	RFTN2	-4.86414721537625	1.14951335245539e-06	-4.86414721537625	1.14951335245541e-06	Junction
j88784	ENSG00000162971	TYW5	-8.07333851785944	6.84016221831711e-16	-8.07333851785944	6.84016221831711e-16	Junction
j89310	ENSG00000115649	CNPPD1	-4.503	6.70008838350665e-06	-4.503	6.7000883835065e-06	Junction
j89571	ENSG00000153820	SPHKAP	4.49637465667169	6.912189595267e-06	4.49637465667169	6.91218959526706e-06	Junction
j89703			-5.21749402717162	1.81360070077796e-07	-5.21749402717162	1.81360070077799e-07	Junction
j91100	ENSG00000101452	DHX35	4.33975608271709	1.42640955183658e-05	4.33975608271709	1.42640955183655e-05	Junction
j91240			3.81782813635509	0.0001346316568894	3.81782813635509	0.0001346316568894	Junction
j92009	ENSG00000101307	SIRPB1	3.86834836647547	0.0001095750432649	3.86834836647547	0.0001095750432649	Junction
j92242	ENSG00000125863	MKKS	4.11283369062581	3.90831948823039e-05	4.11283369062581	3.90831948823034e-05	Junction
j93255	ENSG00000124214	STAU1	-4.11090514560652	3.94111092359233e-05	-4.11090514560652	3.94111092359239e-05	Junction
j94678	ENSG00000180530	NRIP1	-3.50994392300246	0.0004482012070439	-3.50994392300246	0.0004482012070439	Junction
j94694	ENSG00000224924	LINC00320	4.99174062864919	5.98375745409232e-07	4.99174062864919	5.98375745409238e-07	Junction
j94793	ENSG00000156253	RWDD2B	3.47628561747901	0.0005084105206894	3.47628561747901	0.0005084105206894	Junction
j94848	ENSG00000156299	TIAM1	3.71500189468816	0.0002032021718721	3.71500189468816	0.0002032021718721	Junction
j96800	ENSG00000093000	NUP50	-3.82365685375847	0.000131486878116	-3.82365685375847	0.000131486878116	Junction
j96926	ENSG00000184164	CRELD2	4.62355418175332	3.77220151031106e-06	4.62355418175332	3.77220151031114e-06	Junction
j97583	ENSG00000184117	NIPSNAP1	-3.93000780636856	8.49431037631573e-05	-3.93000780636856	8.49431037631568e-05	Junction
j97628	ENSG00000099995	SF3A1	4.05400000000001	5.0349216094409e-05	4.05400000000001	5.03492160944081e-05	Junction
j98108	ENSG00000100413	POLR3H	5.21655149369761	1.82284917124756e-07	5.21655149369761	1.82284917124757e-07	Junction
j98135	ENSG00000198951	NAGA	6.45719050701051	1.06664591257802e-10	6.45719050701051	1.066645912578e-10	Junction
j98201	ENSG00000100271	TTLL1	3.84338872907185	0.0001213470305429	3.84338872907185	0.0001213470305429	Junction
j100041	ENSG00000004534	RBM6	4.26490154174509	1.9999037289544e-05	4.26490154174509	1.99990372895436e-05	Junction
j100460	ENSG00000163938	GNL3	6.17750459905308	6.51226791498666e-10	6.08757110970557	1.14636465741368e-09	Junction
j100463	ENSG00000163938	GNL3	6.14689640022523	7.90136990330278e-10	-9.36138517991406	7.86980861627314e-21	Junction
j100468	ENSG00000163938	GNL3	5.43621561593941	5.44240911142752e-08	7.82217515000838	5.191830141835841e-15	Junction
j100593			-4.25350584176819	2.10449445669728e-05	-4.25350584176819	2.10449445669725e-05	Junction
j101759	ENSG00000114670	NEK11	-4.13189129515054	3.59790573986964e-05	-4.13189129515054	3.59790573986962e-05	Junction
j101927	ENSG00000114054	PCCB	-6.86509826050675	6.644550129647239e-12	-6.86509826050675	6.644550129647159e-12	Junction
j102669	ENSG00000163728	TTC14	-7.15895262424025	8.129577271665229e-13	-7.15895262424025	8.12957727166497e-13	Junction
j103684	ENSG00000131374	TBC1D5	5.20000179791547	1.99286598610007e-07	5.20000179791547	1.99286598610005e-07	Junction
j104039	ENSG00000093167	LRRFIP2	4.17287179312592	3.00784212082456e-05	4.17287179312592	3.00784212082456e-05	Junction
j105122	ENSG00000163935	SFMBT1	-5.3062522385375	1.11902083756153e-07	10.7162453513339	8.54000904421341e-27	Junction
j105152	ENSG00000163931	TKT	4.34755618459959	1.37662812803442e-05	11.4115831024432	3.66006586620864e-30	Junction
j105166	ENSG00000272886	DCP1A	6.76709247589341	1.31396099201774e-11	11.3730816056796	5.6941105905230494e-30	Junction
j105367	ENSG00000163634	THOC7	-6.79195293110923	1.1062564563268e-11	-6.79195293110923	1.10625645632681e-11	Junction
j105907	ENSG00000114446	IFT57	-4.29256234324599	1.76622935565317e-05	-4.29256234324599	1.76622935565315e-05	Junction
j106447	ENSG00000074416	MGLL	4.01532718196831	5.9363384436247e-05	4.01532718196831	5.93633844362472e-05	Junction
j113188	ENSG00000164037	SLC9B1	-4.68797928690298	2.75915936801049e-06	-4.68797928690298	2.75915936801052e-06	Junction
j116264			5.06674147633146	4.04683293198807e-07	5.06674147633146	4.04683293198813e-07	Junction
j116879	ENSG00000120733	KDM3B	-5.4190949962813	5.99014841233932e-08	-5.4190949962813	5.99014841233929e-08	Junction
j117035	ENSG00000113141	IK	6.39761310377311	1.57824569359548e-10	6.39761310377311	1.57824569359551e-10	Junction
j117406	ENSG00000155511	GRIA1	6.03301280331844	1.60930659490153e-09	6.03301280331844	1.60930659490154e-09	Junction
j118912	ENSG00000170571	EMB	5.45399883756485	4.92495237880401e-08	5.45399883756485	4.92495237880408e-08	Junction
j119048	ENSG00000049167	ERCC8	6.00908813326163	1.86569688764847e-09	6.00908813326163	1.86569688764847e-09	Junction
j121860	ENSG00000079691	LRRC16A	-7.38511467333746	1.5232204963820998e-13	-7.38511467333746	1.52322049638213e-13	Junction
j121892	ENSG00000186470	BTN3A2	9.53520094913914	1.49595565188798e-21	34.6104646823501	1.7583591865167498e-262	Junction
j121894	ENSG00000186470	BTN3A2	11.7159677453709	1.05578721416855e-31	36.4085502668676	3.1175976952612e-290	Junction
j121938			10.3808634775027	3.03021929133383e-25	11.4206511736339	3.2975389100188e-30	Junction
j122006	ENSG00000241370	RPP21	9.51391459026044	1.83619689116532e-21	26.4402677138336	4.721474206082591e-154	Junction
j122016	ENSG00000204592	HLA-E	-11.9604465951029	5.72531717888413e-33	23.1091991664703	3.74196899526876e-118	Junction
j122115	ENSG00000137411	VARS2	12.3757749218484	3.5346620079187103e-35	-17.3069152449722	4.17174714762497e-67	Junction
j122118	ENSG00000137411	VARS2	9.5978848020376	8.16017879608272e-22	8.10224975146401	5.39520412296001e-16	Junction
j122262	ENSG00000204344	STK19	8.57470806229427	9.933844903063809e-18	-8.67569670647072	4.11026262653644e-18	Junction
j122263	ENSG00000244731	C4A	11.1814388582461	5.0268284096625297e-29	-11.1361688264274	8.36405084572023e-29	Junction
j122267	ENSG00000244731	C4A	10.2936560059597	7.526322707148351e-25	18.1575317110575	1.11945911624154e-73	Junction
j122287	ENSG00000244731	C4A	8.57463669504994	9.94000640678362e-18	-8.23151745569734	1.84856579197999e-16	Junction
j122304	ENSG00000224389	C4B	10.8043027137731	3.2844287154802e-27	5.71108167458625	1.12260350336373e-08	Junction
j122307	ENSG00000224389	C4B	11.6364899292269	2.68853996695312e-31	-0.409304595315307	0.682316143605217	Junction
j122337	ENSG00000224389	C4B	10.8567427516431	1.85239068265523e-27	-5.97061231157773	2.3636480398627903e-09	Junction
j122357	ENSG00000204308	RNF5	-9.78239262357996	1.34004596395262e-22	-29.0879578336556	5.09820135023329e-186	Junction
j122944	ENSG00000112659	CUL9	5.10748721772834	3.26471174288201e-07	5.10748721772834	3.26471174288208e-07	Junction
j123910			4.09122405100653	4.29102320173558e-05	4.09122405100653	4.29102320173567e-05	Junction
j124418	ENSG00000146416	AIG1	-4.62493112426956	3.74722898502814e-06	-4.62493112426956	3.74722898502808e-06	Junction
j125501	ENSG00000241549	GUSBP2	6.26548356843874	3.71670194354656e-10	6.26548356843874	3.71670194354654e-10	Junction
j125506			3.72351811643044	0.0001964657561171	3.72351811643044	0.0001964657561171	Junction
j125576	ENSG00000234127	TRIM26	10.708	9.33568484478044e-27	19.0203065783111	1.1580440514524e-80	Junction
j125652	ENSG00000137312	FLOT1	-11.3832790381877	5.06584673298244e-30	-26.8464265296033	9.28513102293189e-159	Junction
j125659			-12.9209638820174	3.42819759913371e-38	28.2706521682295	7.934548482081858e-176	Junction
j125746	ENSG00000204463	BAG6	3.91625814232495	8.99339501247411e-05	3.91625814232495	8.99339501247425e-05	Junction
j125747	ENSG00000204463	BAG6	-10.9930959156188	4.12528309689932e-28	21.1054064521564	7.0942198216040796e-99	Junction
j125989	ENSG00000204267	TAP2	-3.88408197913126	0.0001027172486513	-3.88408197913126	0.0001027172486513	Junction
j126021	ENSG00000204257	HLA-DMA	-3.64247759929376	0.0002700264824992	-3.64247759929376	0.0002700264824992	Junction
j126082	ENSG00000204248	COL11A2	5.57816140133087	2.43074068244715e-08	5.57816140133087	2.4307406824472e-08	Junction
j126126	ENSG00000227057	WDR46	-5.52819018436193	3.23551193705072e-08	-5.52819018436193	3.23551193705072e-08	Junction
j126168	ENSG00000112514	CUTA	-3.75137820182911	0.0001758651818623	-3.75137820182911	0.0001758651818623	Junction
j126879	ENSG00000151914	DST	-4.43170774001667	9.34896806815303e-06	-4.43170774001667	9.34896806815296e-06	Junction
j127139	ENSG00000065833	ME1	-5.62968961085492	1.80534209057654e-08	-4.03051640361657	5.56544445819572e-05	Junction
j127151	ENSG00000065609	SNAP91	5.59377373578859	2.22186473023919e-08	3.98019622285794	6.88584063878546e-05	Junction
j127847	ENSG00000056972	TRAF3IP2	-4.1297782336933	3.6311332117126e-05	-4.1297782336933	3.63113321171255e-05	Junction
j129218	ENSG00000157954	WIPI2	5.22312640488305	1.7592720729485e-07	5.22312640488305	1.75927207294848e-07	Junction
j132135	ENSG00000155530	LRGUK	4.02779743883983	5.63018174043831e-05	4.02779743883983	5.6301817404384e-05	Junction
j132870	ENSG00000002822	MAD1L1	-6.79690344276734	1.06891685235688e-11	-6.79690344276734	1.0689168523568499e-11	Junction
j133195	ENSG00000214960	ISPD	-4.20846018139812	2.57116825958828e-05	-4.20846018139812	2.57116825958829e-05	Junction
j133323	ENSG00000105928	DFNA5	4.25762285566274	2.06612121635293e-05	4.25762285566274	2.06612121635295e-05	Junction
j133647	ENSG00000006715	VPS41	-4.19600160159072	2.71668325476659e-05	-4.19600160159072	2.71668325476663e-05	Junction
j133774	ENSG00000015676	NUDCD3	-4.45711189527358	8.30712474587473e-06	-4.45711189527358	8.3071247458748e-06	Junction
j133797	ENSG00000158604	TMED4	-4.69900000000001	2.6143845411981e-06	-4.69900000000001	2.61438454119805e-06	Junction
j134982			4.00293558531815	6.25613399035188e-05	4.00293558531815	6.25613399035183e-05	Junction
j135235	ENSG00000135250	SRPK2	5.23571122024927	1.64350750359396e-07	5.23571122024927	1.64350750359393e-07	Junction
j137187	ENSG00000120899	PTK2B	-5.18347283807843	2.17791958796391e-07	-5.18347283807843	2.17791958796394e-07	Junction
j137427	ENSG00000085788	DDHD2	-5.57878210994152	2.42208407602698e-08	-5.57878210994152	2.42208407602704e-08	Junction
j139144	ENSG00000147324	MFHAS1	4.22934710968158	2.34370493993091e-05	4.22934710968158	2.34370493993093e-05	Junction
j139209	ENSG00000038945	MSR1	-4.15733970818127	3.21975036240649e-05	-4.15733970818127	3.21975036240654e-05	Junction
j139808	ENSG00000168300	PCMTD1	-4.98686810490334	6.13659276274913e-07	-4.98686810490334	6.13659276274902e-07	Junction
j139810	ENSG00000168300	PCMTD1	-4.41776104320341	9.97285879963293e-06	-4.41776104320341	9.97285879963296e-06	Junction
j139986	ENSG00000178538	CA8	4.22554714485225	2.38360913537517e-05	4.22554714485225	2.38360913537512e-05	Junction
j140331	ENSG00000156103	MMP16	4.802756601388	1.56496073737594e-06	4.802756601388	1.56496073737595e-06	Junction
j140837	ENSG00000104447	TRPS1	-5.252076658093	1.50393840273094e-07	-5.252076658093	1.50393840273095e-07	Junction
j141092	ENSG00000153317	ASAP1	-5.48141633864957	4.2193423919369e-08	-5.48141633864957	4.21934239193697e-08	Junction
j147112			4.29323900517338	1.76085277370833e-05	4.29323900517338	1.76085277370834e-05	Junction
j147606	ENSG00000197958	RPL12	3.8948063559394	9.82772102813149e-05	3.8948063559394	9.82772102813149e-05	Junction
